NageurID,NageurNom,NageurPrenom,NageurSexe,NageurPays,NageurDateNaissance
1,ANWARI,Fahim,H,AFG,1999-05-05
2,MECA,Kaltra,F,ALB,2008-03-26
3,KOXHAKU,Grisi,H,ALB,2006-03-24
4,SYOUD,Jaouad,H,ALG,1999-09-17
5,MEDJAHED,Nesrine,F,ALG,1999-08-28
6,LIMA,Lia,F,ANG,2001-09-09
7,MASCARENHAS,Henrique,H,ANG,2001-06-21
8,WUILLIEZ,Jadon,H,ANT,2002-06-13
9,SHAW,Ellie,F,ANT,2008-08-10
10,CEBALLOS,Macarena,F,ARG,1995-01-12
11,HEIN,Agostina,F,ARG,2008-04-24
12,SARAVIA,Ulises,H,ARG,2005-10-27
13,MANUCHARYAN,Varsenik,F,ARM,2003-07-11
14,BARSEGHYAN,Artur,H,ARM,2002-03-29
15,CONNOR,Abbey Lee,F,AUS,2005-04-21
16,PERKINS,Alexandria,F,AUS,2000-07-27
17,TITMUS,Ariarne,F,AUS,2000-09-07
18,ARMBRUSTER,Ben,H,AUS,2002-05-10
19,WOODWARD,Bradley,H,AUS,1998-07-05
20,SMITH,Brendon,H,AUS,2000-07-04
21,THROSSELL,Brianna,F,AUS,1996-02-10
22,CAMPBELL,Bronte,F,AUS,1994-05-14
23,MCEVOY,Cameron,H,AUS,1994-05-13
24,WINNINGTON,Elijah,H,AUS,2000-05-05
25,DEKKERS,Elizabeth,F,AUS,2004-05-06
26,RAMSAY,Ella,F,AUS,2004-07-12
27,MCKEON,Emma,F,AUS,1994-05-24
28,SOUTHAM,Flynn,H,AUS,2005-06-05
29,ANDERSON,Iona,F,AUS,2005-10-03
30,COOPER,Isaac,H,AUS,2004-01-07
31,STUBBLETY-COOK,Zac,H,AUS,1999-01-04
32,CARTWRIGHT,Jack,H,AUS,1998-09-22
33,BARCLAY,Jaclyn,F,AUS,2006-12-27
34,PERKINS,Jamie,F,AUS,2005-01-19
35,FORRESTER,Jenna,F,AUS,2003-06-14
36,STRAUCH,Jenna,F,AUS,1997-03-24
37,YONG,Joshua,H,AUS,2001-07-24
38,TAYLOR,Kai,H,AUS,2003-08-18
39,MCKEOWN,Kaylee,F,AUS,2001-07-12
40,CHALMERS,Kyle,H,AUS,1998-06-25
41,PALLISTER,Lani,F,AUS,2002-06-06
42,TEMPLE,Matthew,H,AUS,1999-06-20
43,GIULIANI,Maximillian,H,AUS,2003-07-03
44,HARRIS,Meg,F,AUS,2002-03-07
45,O'CALLAGHAN,Mollie,F,AUS,2004-04-02
46,WUNSCH,Olivia,F,AUS,2006-05-31
47,SHORT,Samuel,H,AUS,2003-09-17
48,WILLIAMSON,Sam,H,AUS,1997-12-19
49,LEE,Se-Bom,H,AUS,2001-06-12
50,JACK,Shayna,F,AUS,1998-11-06
51,NEILL,Thomas,H,AUS,2002-06-09
52,YANG,William,H,AUS,1998-10-11
53,PETRIC,William Campbell,H,AUS,2004-08-03
54,INCERTI,Zac,H,AUS,1996-07-13
55,BAYER,Valentin,H,AUT,1999-12-08
56,BUCHER,Simon,H,AUT,2000-05-23
57,ESPERNBERGER,Martin,H,AUT,2003-12-20
58,GIGLER,Heiko,H,AUT,1996-06-17
59,KREUNDL,Lena,F,AUT,1997-09-19
60,REITSHAMMER,Bernhard,H,AUT,1994-06-17
61,VALIZADA,Ramil,H,AZE,2004-02-16
62,SHEIKHALIZADEHKHANGHAH,Mariam,F,AZE,2004-07-18
63,TAYLOR,Lamar,H,BAH,2003-06-21
64,GIBBS,Rhanishka,F,BAH,2006-04-19
65,ALOBAIDLI,Amani,F,BRN,2006-01-14
66,GHALI,Saud,H,BRN,2004-08-17
67,RAFI,Samiul Islam,H,BAN,2004-10-12
68,KHATUN,Mst Sonia,F,BAN,1999-09-10
69,KIRBY,Jack,H,BAR,2000-07-24
70,ZMUSHKA,Alina,F,BLR,1997-01-05
71,SHYMANOVICH,Ilya,H,BLR,1994-08-02
72,SHKURDAI,Anastasiya,F,BLR,2003-01-03
73,DUMONT,Valentine,F,BEL,2000-07-02
74,HENVEAUX,Lucas,H,BEL,2000-09-25
75,VANOTTERDIJK,Roos,F,BEL,2005-01-07
76,GASPARD,Florine,F,BEL,2001-12-28
77,DOUILLET,Ionnah Eliane,F,BEN,2007-11-28
78,KPADE,Alexis Michel Roger Dodji,H,BEN,2005-11-11
79,TENZIN,Sangay,H,BHU,2003-09-07
80,RIBERA,Maria Jose,F,BOL,1996-10-28
81,NUNEZ,del PRADO Esteban,H,BOL,2004-06-02
82,PUDAR,Lana,F,BIH,2006-01-19
83,LEKIC,Jovan,H,BIH,2003-09-29
84,ROBINSON,Adrian,H,BOT,2000-04-11
85,EGNER,Maxine,F,BOT,2004-07-12
86,DIZOTTI,Beatriz,F,BRA,2000-04-13
87,RONCATTO,Gabrielle,F,BRA,1998-07-19
88,VIEIRA,Ana Carolina,F,BRA,2001-10-24
89,CORREIA,Breno,H,BRA,1999-02-19
90,OLIVEIRA,de MORAES Eduardo,H,BRA,2001-07-02
91,COSTA,Guilherme,H,BRA,1997-03-12
92,MEDEIROS,Giovana,F,BRA,2004-05-14
93,SANTOS,Gabriel,H,BRA,1996-05-04
94,SANTOS,Guilherme,H,BRA,2003-03-01
95,MOTA,Kayky,H,BRA,1999-04-22
96,CHIERIGHINI,Marcelo,H,BRA,1991-01-15
97,COSTA,Maria Fernanda,F,BRA,2002-09-05
98,HEITMANN,Maria Paula,F,BRA,1999-01-31
99,SETIN,SARTORI Murilo,H,BRA,2002-05-18
100,ALBIERO,Nicolas,H,BRA,1999-06-08
101,BALDUCCINI,Stephanie,F,BRA,2004-09-20
102,SCHEFFER,Fernando,H,BRA,1998-04-06
103,WONG,Hayley,F,BRU,2008-05-13
104,CHAN,Zeke,H,BRU,2007-08-30
105,MITSIN,Petar Petrov,H,BUL,2005-08-19
106,MILADINOV,Josif,H,BUL,2003-06-23
107,EPITROPOV,Lyubomir,H,BUL,1999-04-27
108,GEORGIEVA,Gabriela,F,BUL,1997-06-16
109,KOURAOGO,Iman,F,BUR,2006-05-09
110,NAPARE,Souleymane,H,BUR,2003-03-31
111,IRISHURA,Lois Eliora,F,BDI,2010-04-15
112,GANIRA,Belly-Cresus,H,BDI,2000-03-25
113,PINA,Jayla,F,CPV,2004-07-23
114,TATI,Jose,H,CPV,2007-08-30
115,DE LAPPARENT, Antoine,H,CAM,2006-02-19
116,SAKBUN,Apsara Katarina,F,CAM,2001-02-21
117,NGUICHIE KAMSEU KAMOGNE , G. Arm,H,CMR,2007-07-27
118,NGUELO'O,MABEU Grace Manuela,F,CMR,2005-11-08
119,MAC NEIL,Margaret,F,CAN,2000-02-26
120,KHARUN,Ilya,H,CAN,2005-02-07
121,O'CROININ,Emma,F,CAN,2003-05-22
122,ACEVEDO,Javier,H,CAN,1998-01-28
123,KNOX,Finlay,H,CAN,2001-01-08
124,LIENDO,Josh,H,CAN,2002-08-20
125,ANGUS,Sophie,F,CAN,1999-03-12
126,RUCK,Taylor,F,CAN,2000-05-28
127,WOG,Kelsey,F,CAN,1998-09-19
128,HARVEY,Mary-Sophie,F,CAN,1999-08-11
129,BROUSSEAU,Julie,F,CAN,2006-01-09
130,JANSEN,Ella,F,CAN,2005-09-01
131,OLEKSIAK,Penny,F,CAN,2000-06-13
132,MASSE,Kylie,F,CAN,1996-01-18
133,PICKREM,Sydney,F,CAN,1997-05-21
134,SMITH,Rebecca,F,CAN,2000-03-14
135,WILM,Ingrid,F,CAN,1998-06-08
136,JANKOVICS,Tristan,H,CAN,2004-05-10
137,KISIL,Yuri,H,CAN,1995-09-18
138,MCINTOSH,Summer,F,CAN,2006-08-18
139,WIGGINTON,Lorne,H,CAN,2005-10-27
140,AXON,Alex,H,CAN,2003-06-01
141,DOUTHWRIGHT,Brooklyn,F,CAN,2003-05-20
142,TIERNEY,Blake,H,CAN,2002-01-10
143,HESS,Apollo,H,CAN,2002-07-15
144,HUSSEY,Patrick,H,CAN,2001-03-01
145,BAGSHAW,Jeremy,H,CAN,1992-04-21
146,RATHWELL,Regan,F,CAN,2004-02-11
147,TENGUE,Terence,H,CAF,2005-10-26
148,ANDET,Tracy Marine,F,CAF,2005-10-04
149,CISTERNAS,Eduardo,H,CHI,2004-01-10
150,KOBRICH,Kristel,F,CHI,1985-08-09
151,WANG,Kuan-Hung,H,TPE,2002-01-23
152,HAN,An-Chi,F,TPE,2004-09-04
153,GOMEZ,HURTADO Stefania,F,COL,2004-04-12
154,RINCON,VELASCO Anthony,H,COL,2001-04-20
155,SAADI,Maesha,F,COM,2007-01-16
156,HASSANE,Hadji,H,COM,1997-11-13
157,MAYALA,Freddy,H,CGO,2000-06-18
158,BOBIMBO,Vanessa,F,CGO,1999-12-08
159,ORTIZ,Alondra,F,CRC,2002-08-18
160,VEGA,Alberto,H,CRC,2005-04-05
161,MILJENIC,Nikola,H,CRO,1998-05-19
162,PAVALIC,Jana,F,CRO,2007-05-27
163,HRIBAR,Jere,H,CRO,2004-01-19
164,BECALI,Andrea,F,CUB,2004-04-24
165,FALCON,JR Rodolfo,H,CUB,2001-12-26
166,ANTONIOU,Nikolas,H,CYP,2004-01-20
167,ANTONIOU,Kalia,F,CYP,2000-04-06
168,GRACIK,Daniel,H,CZE,2004-10-15
169,HORSKA,Kristyna,F,CZE,1997-09-30
170,KNEDLA,Miroslav,H,CZE,2005-07-18
171,SEEMANOVA,Barbora,F,CZE,2000-04-01
172,NDOMBE,IMPELENGA Aristote,H,COD,2001-09-30
173,MIANSADI,Divine,F,COD,2004-09-04
174,GUTERRES,Jolanio,H,TLS,2005-05-12
175,XIMENES,BELO Imelda,F,TLS,1998-10-24
176,EBBESEN,Elisabeth Sabroe,F,DEN,2002-03-22
177,BACH,Helena Rosendahl,F,DEN,2000-06-12
178,JENSEN,Julie Kepp,F,DEN,2000-01-03
179,DAMBORG,Martine,F,DEN,2007-05-07
180,TABOR,Schastine,F,DEN,2005-02-18
181,BRO,Signe,F,DEN,1999-03-05
182,BLOMSTERBERG,Thea,F,DEN,2002-01-09
183,HOUSSEIN,BARKAT Houmed,H,DJI,2004-04-04
184,AMISON,Naima-Zahra,F,DJI,2003-10-10
185,SCHOFIELD,Jasmine,F,DMA,2005-11-14
186,LAWRENCE,Warren Adam,H,DMA,2003-05-14
187,JIMENEZ,Elizabeth,F,DOM,2006-02-09
188,NUNEZ,Javier,H,DOM,2007-04-04
189,DELGADO,Anicka,F,ECU,2002-06-13
190,PERIBONIO,AVILA Tomas,H,ECU,1996-01-16
191,ABDALLA,SALAH Lojine,F,EGY,2004-11-23
192,ELKAMASH,Marwan,H,EGY,1993-11-14
193,HERNANDEZ,Nixon,H,ESA,1997-10-08
194,MARQUEZ,Celina,F,ESA,1999-07-16
195,NDONG,OBAMA Higinio,H,GEQ,1998-09-19
196,RACH,Christina,F,ERI,2007-09-25
197,OWUSU,Aaron Ghebre,H,ERI,2006-10-13
198,JEFIMOVA,Eneli,F,EST,2006-12-27
199,ZIRK,Kregor,H,EST,1999-07-03
200,HOY,Hayley,F,SWZ,2008-03-01
201,NG CHIU HING NING,Chadd,H,SWZ,2006-06-29
202,SELO,Lina Alemayehu,F,ETH,2000-10-08
203,LIMTIACO,Tasi,H,FSM,1994-01-04
204,KIHLENG,Kestra,F,FSM,2003-08-12
205,MCCUTCHEON,Anahira,F,FIJ,2009-10-05
206,YOUNG,David,H,FIJ,2005-03-23
207,HULKKO,Ida,F,FIN,1998-12-12
208,MATTSSON,Matti,H,FIN,1993-10-05
209,RUSSET,Loane,F,FRA,2005-11-26
210,KIRPICHNIKOVA,Anastasiia,F,FRA,2000-06-24
211,BONNET,Charlotte,F,FRA,1995-02-14
212,GASTALDELLO,Beryl,F,FRA,1995-02-16
213,HENIQUE,Melanie,F,FRA,1992-12-22
214,JEHL,Marina,F,FRA,2001-12-05
215,MAHIEU,Pauline,F,FRA,1999-03-13
216,MOLUH,Mary-Ambre,F,FRA,2005-09-09
217,NOWACZYK,Lison,F,FRA,2003-01-27
218,RESSENCOURT,Lilou,F,FRA,2003-06-05
219,TEREBO,Emma,F,FRA,1998-07-10
220,TESSARIOL,Lucile,F,FRA,2004-01-06
221,TOUATI,Assia,F,FRA,1995-04-23
222,WATTEL,Marie,F,FRA,1997-06-02
223,AUBRY,David,H,FRA,1996-11-08
224,BRICOUT,Pacome,H,FRA,2005-02-05
225,FENTE--DAMERS,Rafael,H,FRA,2006-10-17
226,FUCHS,Roman,H,FRA,1998-01-14
227,GROUSSET,Maxime,H,FRA,1999-04-24
228,GUTH,Guillaume,H,FRA,2000-01-13
229,JOLY,Damien,H,FRA,1992-06-04
230,LE GOFF,Yann,H,FRA,2003-02-09
231,MANAUDOU,Florent,H,FRA,1990-11-12
232,MARCHAND,Leon,H,FRA,2002-05-17
233,NDOYE-BROUARD,Yohann,H,FRA,2000-11-29
234,SALVAN,Hadrien,H,FRA,1997-07-10
235,SECCHI,Clement,H,FRA,2000-05-04
236,TOMAC,Mewen,H,FRA,2001-09-11
237,VIQUERAT,Antoine,H,FRA,1998-10-05
238,YEBBA,W. Amazigh,H,FRA,2000-04-08
239,GAITOU,Adele Sodalo Agnes,F,FRA,2007-02-06
240,MPALI,Adam,H,GAB,2002-05-29
241,LACOUR,Noelie Annette,F,GAB,2006-12-01
242,BARROW,Aminata Nia-Maria,F,GAM,2004-01-02
243,JOBE,Ousman,H,GAM,2005-11-27
244,PANSTKHAVA,Noe,H,GEO,2006-03-13
245,NIZHARADZE,Ana,F,GEO,2008-10-19
246,GOSE,Isabel,F,GER,2002-05-09
247,MROZINSKI,Julia,F,GER,2000-02-16
248,RIEDEMANN,Laura,F,GER,1998-05-29
249,ULRICH,Marek,H,GER,1997-01-12
250,ARMBRUSTER,Luca,H,GER,2001-11-05
251,KOEHLER,Angelina,F,GER,2000-11-12
252,MIROSLAW,Rafael,H,GER,2001-03-25
253,SALCHOW,Josha,H,GER,1999-07-02
254,SCHWARZ,Sven,H,GER,2002-01-31
255,ELENDT,Anna,F,GER,2001-09-04
256,MAERTENS,Lukas,H,GER,2001-12-27
257,MATZERATH,Lucas,H,GER,2000-05-03
258,SORGIUS,Timo,H,GER,2003-07-05
259,BUESSING,Cedric,H,GER,2003-10-17
260,IMOUDU,Melvin,H,GER,1999-01-27
261,SELIN,Artem,H,GER,2002-05-21
262,BRAUNSCHWEIG,Ole,H,GER,1997-11-15
263,HOLT,Nina,F,GER,2003-02-01
264,VARJASI,Peter,H,GER,2000-01-18
265,SCHULZE,Nele,F,GER,2004-02-20
266,WINKLER,Kaii,H,GER,2006-03-27
267,MAIER,Nicole,F,GER,2000-04-09
268,STACEY,Harry,H,GHA,2000-03-21
269,MENSAH,Joselle,F,GHA,2003-09-26
270,CROOKS,Jordan,H,GBR,2002-05-02
271,CROOKS,Jillian Janis Geohagan,F,GBR,2006-06-27
272,HARVEY,Emma,F,GBR,2001-07-23
273,HARVEY,Jack,H,GBR,2003-05-06
274,ANDERSON,Freya,F,GBR,2001-03-04
275,BIRD,Kieran,H,GBR,1999-09-02
276,COHOON,Alexander,H,GBR,2002-09-17
277,COLBERT,Freya Constance,F,GBR,2004-03-08
278,DAWSON,Kathleen,F,GBR,1997-10-03
279,DEAN,Tom,H,GBR,2000-05-02
280,GREENBANK,Luke,H,GBR,1997-09-17
281,GUY,James,H,GBR,1995-11-26
282,HARRIS,Medi Eira,F,GBR,2002-09-15
283,HOPE,Lucy,F,GBR,1997-01-30
284,HOPKIN,Anna,F,GBR,1996-04-24
285,JERVIS,Daniel,H,GBR,1996-06-09
286,LITCHFIELD,Joe Richard,H,GBR,1998-07-08
287,MACINNES,Keanna Louise,F,GBR,2001-08-19
288,MCMILLAN,Jack,H,GBR,2000-01-14
289,MORGAN,Oliver,H,GBR,2003-06-11
290,OKARO,Eva,F,GBR,2006-11-10
291,PROUD,Benjamin,H,GBR,1994-09-21
292,RICHARDS,Matthew,H,GBR,2002-12-17
293,SCOTT,Duncan,H,GBR,1997-05-06
294,SHANAHAN,Katie,F,GBR,2004-06-25
295,STEPHENS,Laura,F,GBR,1999-06-02
296,WHITTLE,Jacob Henry,H,GBR,2004-09-25
297,WILBY,James,H,GBR,1993-11-12
298,WOOD,Abbie,F,GBR,1999-03-02
299,PEATY,Adam,H,GBR,1994-12-28
300,MARSHALL,Jonny,H,GBR,2004-11-15
301,OSRIN,Honey,F,GBR,2003-02-24
302,EVANS,Angharad,F,GBR,2003-04-25
303,LITCHFIELD,Max,H,GBR,1995-03-04
304,GKOLOMEEV,Kristian,H,GRE,1993-07-04
305,CHRISTOU,Apostolos,H,GRE,1996-11-01
306,NTOUNTOUNAKI,Anna,F,GRE,1995-09-09
307,VAZAIOS,Andreas,H,GRE,1994-05-09
308,DRAKOU,Theodora,F,GRE,1992-02-06
309,MAKRYGIANNIS,Evangelos,H,GRE,2000-06-18
310,SISKOS,Apostolos,H,GRE,2005-06-24
311,BILAS,Stergios Marios,H,GRE,2001-11-21
312,MARKOS,Dimitrios,H,GRE,2001-09-13
313,ENGLEZAKIS,Konstantinos,H,GRE,2001-03-20
314,STAMOU,Konstantinos Emmanouil,H,GRE,2003-07-10
315,MELADINIS,Odyssefs,H,GRE,1990-04-05
316,PAPASTAMOS,Apostolos,H,GRE,2001-03-20
317,DAMASIOTI,Georgia,F,GRE,2003-07-02
318,NTOUMAS,Evangelos Efraim,H,GRE,2008-07-26
319,BOLANOS,Panagiotis,H,GRE,2000-12-28
320,GRESHAM,Zackary,H,GRN,2004-09-29
321,COLLYMORE,Tilly,F,GRN,2007-11-27
322,GORDILLO,Erick,H,GUA,1999-10-05
323,MEJIA,Lucero,F,GUA,2007-10-17
324,DIALLO,Elhadj N'gnane,H,GUI,2003-06-15
325,BAH,Djenabou Jolie,F,GUI,2009-10-03
326,ROGERY,Pedro,H,GBS,1998-11-28
327,PERSAUD,Aleka Kylela,F,GUY,2006-02-24
328,AVILA,MANCIA Julimar,F,HON,1997-01-21
329,HORREGO,Julio,H,HON,1998-10-08
330,HO,Ian Yentou,H,HKG,1997-04-25
331,AU,Hoi Shun Stephanie,F,HKG,1992-05-30
332,CHENG,Camille Lily Mei,F,HKG,1993-05-09
333,HAUGHEY,Siobhan Bernadette,F,HKG,1997-10-31
334,KAN,Cheuk Tung Natalie,F,HKG,2002-04-30
335,TAM,Hoi Lam,F,HKG,1998-04-21
336,CHEUNG,Sum Yuet Cindy,F,HKG,2006-08-09
337,ABRAHAM,Lilla Minna,F,HUN,2006-03-23
338,HOLLO,Balazs,H,HUN,1999-02-10
339,JACKL,Vivien,F,HUN,2008-10-17
340,JASZO,Adam,H,HUN,2002-07-05
341,KAPAS,Boglarka,F,HUN,1993-04-22
342,KESELY,Ajna,F,HUN,2001-09-10
343,KOS,Hubert,H,HUN,2003-03-28
344,MARTON,Richard,H,HUN,1999-10-07
345,MILAK,Kristof,H,HUN,2000-02-20
346,MOLNAR,Dora,F,HUN,2006-06-29
347,NEMETH,Nandor,H,HUN,1999-11-19
348,PADAR,Nikolett,F,HUN,2006-03-30
349,SARKANY,Zalan,H,HUN,2003-10-15
350,SEBESTYEN,Dalma,F,HUN,1997-01-23
351,SENANSZKY,Petra,F,HUN,1994-01-10
352,SZABO-FELTOTHY,Eszter,F,HUN,2002-01-04
353,SZABO,Szebasztian,H,HUN,1996-03-11
354,TELEGDY,Adam,H,HUN,1995-11-01
355,UGRAI,Panna,F,HUN,2004-10-18
356,ZOMBORI,Gabor,H,HUN,2002-10-08
357,JORUNNARDOTTIR,Snaefridur Sol,F,ISL,2000-10-31
358,MCKEE,Anton,H,ISL,1993-12-18
359,NATARAJ,Srihari,H,IND,2001-01-16
360,DESINGHU,Dhinidhi,F,IND,2010-05-17
361,KURNIAWAN,Joe,H,INA,2001-08-02
362,PERMATAHANI,Azzahra,F,INA,2002-01-07
363,AL-ZINKEE,Hasan Ali Khaleel,H,IRQ,2004-02-14
364,CATTERSON,Victoria,F,IRL,2001-03-25
365,FERGUSON,Conor,H,IRL,1999-10-11
366,FANNON,Thomas,H,IRL,1998-05-20
367,MC CUSKER ,Max,H,IRL,1999-09-11
368,MC SHARRY ,Mona,F,IRL,2000-08-21
369,WALSHE,Ellen,F,IRL,2001-09-29
370,DAVISON,Grace,F,IRL,2007-08-26
371,HILL,Danielle,F,IRL,1999-09-27
372,RIORDAN,Erin,F,IRL,1999-09-02
373,RYAN,Shane,H,IRL,1994-01-27
374,GREENE,Darragh,H,IRL,1995-10-20
375,ABDOLI,Samyar,H,IRI,2002-12-25
376,BALSINI,Matin,H,IRI,2001-02-19
377,MARAANA,Adam,H,ISR,2003-07-07
378,MUREZ,Andrea,F,ISR,1992-01-29
379,BARZELAY,Aviv,F,ISR,2002-05-28
380,SPITZ,Ayla,F,ISR,2001-01-08
381,SOLOVEYCHIK,Bar,H,ISR,2000-08-15
382,GORBENKO,Anastasia,F,ISR,2003-08-07
383,GOLOVATY,Daria,F,ISR,2005-08-30
384,GERCHIK,David,H,ISR,2001-02-20
385,LOKTEV,Denis,H,ISR,2000-04-06
386,BEN,SHITRIT Eitan,H,ISR,2003-06-02
387,COHEN,GROUMI Gal,H,ISR,2002-04-22
388,POLONSKY,Lea,F,ISR,2002-05-25
389,KARTAVI,Martin,H,ISR,2004-03-09
390,CHERUTI,Meiron Amir,H,ISR,1997-10-19
391,POLONSKY,Ron,H,ISR,2001-03-28
392,FRANKEL,Tomer,H,ISR,2000-10-18
393,GLIVINSKIY,Alexey,H,ISR,2004-09-23
394,QUADARELLA,Simona,F,ITA,1998-12-18
395,MARTINENGHI,Nicolo,H,ITA,1999-08-01
396,FRIGO,Manuel,H,ITA,1997-02-18
397,CECCON,Thomas,H,ITA,2001-01-27
398,MIRESSI,Alessandro,H,ITA,1998-10-02
399,RAZZETTI,Alberto,H,ITA,1999-06-02
400,PILATO,Benedetta,F,ITA,2005-01-18
401,FRANCESCHI,Sara,F,ITA,1999-02-01
402,ZAZZERI,Lorenzo,H,ITA,1994-08-09
403,CARINI,Giacomo,H,ITA,1997-07-02
404,CONTE,BONIN Paolo,H,ITA,2002-02-09
405,DE TULLIO ,Luca,H,ITA,2003-09-21
406,DE TULLIO ,Marco,H,ITA,2000-09-21
407,DEPLANO,Leonardo,H,ITA,1999-07-21
408,LAMBERTI,Matteo,H,ITA,1999-03-24
409,LAMBERTI,Michele,H,ITA,2000-11-03
410,MEGLI,Filippo,H,ITA,1997-05-10
411,RAGAINI,Alessandro,H,ITA,2006-08-02
412,RESTIVO,Matteo,H,ITA,1994-11-04
413,VIBERTI,Ludovico Blu Art,H,ITA,2002-02-08
414,ANGIOLINI,Lisa,F,ITA,1995-06-29
415,COCCONCELLI,Costanza,F,ITA,2002-01-26
416,D'INNOCENZO,Giulia,F,ITA,2002-05-17
417,CURTIS,Sara,F,ITA,2006-08-19
418,FANGIO,Francesca,F,ITA,1995-08-17
419,MENICUCCI,Emma Virginia,F,ITA,2002-05-11
420,MORINI,Sofia,F,ITA,2003-03-08
421,PANZIERA,Margherita,F,ITA,1995-08-12
422,RAMATELLI,Giulia,F,ITA,2000-09-09
423,SCOTTO,di CARLO Viola,F,ITA,2003-06-27
424,TARANTINO,Chiara,F,ITA,2003-08-14
425,BIAGIOTTI,Matilde,F,ITA,2005-09-20
426,CASERTA,Giovanni,H,ITA,2002-01-17
427,D'AMBROSIO,Carlos,H,ITA,2007-02-05
428,LYN,Sabrina,F,JAM,2004-04-26
429,KIRLEW,Josh,H,JAM,1999-09-09
430,MITSUI,Airi,F,JPN,2004-06-12
431,TAKEHARA,Hidekazu,H,JPN,2004-04-27
432,MAKINO,Hiroko,F,JPN,1999-08-20
433,TERAKADO,Genki,H,JPN,2003-01-06
434,MANO,Hidenari,H,JPN,2000-07-06
435,HANAGURUMA,Yu,H,JPN,2000-01-28
436,NARITA,Mio,F,JPN,2006-12-18
437,IKEE,Rikako,F,JPN,2000-07-04
438,SUZUKI,Satomi,F,JPN,1991-01-29
439,IKEMOTO,Nagisa,F,JPN,2002-08-25
440,SHIRAI,Rio,F,JPN,1999-09-10
441,TANIGAWA,Ageha,F,JPN,2003-06-15
442,OHASHI,Yui,F,JPN,1995-10-18
443,AOKI,Reona,F,JPN,1995-02-24
444,KOBORI,Waka,F,JPN,2000-08-10
445,HONDA,Tomoru,H,JPN,2001-12-31
446,MIZUNUMA,Naoki,H,JPN,1996-12-13
447,MATSUMOTO,Katsuhiro,H,JPN,1997-02-28
448,WATANABE,Ippei,H,JPN,1997-03-18
449,SETO,Daiya,H,JPN,1994-05-24
450,MURASA,Tatsuya,H,JPN,2007-03-27
451,TANIGUCHI,Taku,H,JPN,2001-09-26
452,HIRAI,Mizuki,F,JPN,2007-03-07
453,MATSUSHITA,Tomoyuki,H,JPN,2005-08-01
454,MATSUYAMA,Riku,H,JPN,2001-09-29
455,MATSUMOTO,Shiho,F,JPN,2002-04-03
456,YANAGIMOTO,Konosuke,H,JPN,2003-11-24
457,AL-WIR,Amro,H,JOR,2001-01-23
458,BELBEISI,Karin,F,JOR,2008-12-21
459,MUSSIN,Adilbek,H,KAZ,1999-10-04
460,IGNATOVA,Xeniya,F,KAZ,2005-08-02
461,BRUNLEHNER,Maria,F,KEN,2000-04-01
462,MOHAMED,Ridhwan Abubakar Bwana,H,KEN,2000-08-15
463,BEIQI,Hana,F,KOS,2008-09-28
464,SABOVIC,Adell,H,KOS,2002-08-25
465,ZUBAID,Mohamad,H,KUW,2008-03-30
466,DASHTI,Lara,F,KUW,2004-01-24
467,PETRASHOV,Denis,H,KGZ,2000-02-01
468,PECHERSKIKH,Elizaveta,F,KGZ,2004-08-25
469,DIRKZWAGER,Ariana Southa,F,LAO,2004-02-26
470,INSIXIENGMAY,Steven,H,LAO,2004-01-21
471,MALUKA,Ieva,F,LAT,2003-04-09
472,BOBROVS,Daniils,H,LAT,1997-10-08
473,DOUEIHY,Simon,H,LBN,2002-05-24
474,EL HAJJ,Lynn,F,LBN,2007-03-05
475,ALMUKHTAR,Mek,F,LBA,2006-09-03
476,ABUBAKER,Yousef,H,LBA,2006-07-19
477,LUKMINAS,Tomas,H,LTU,2004-10-26
478,MEILUTYTE,Ruta,F,LTU,1997-03-19
479,NAVIKONIS,Tomas,H,LTU,2003-04-12
480,RAPSYS,Danas,H,LTU,1995-05-21
481,SAVICKAS,Aleksas,H,LTU,2003-01-13
482,SIDLAUSKAS,Andrius,H,LTU,1997-04-06
483,TETEREVKOVA,Kotryna,F,LTU,2002-01-23
484,DALEIDEN,CIUFERRI Ralph,H,LUX,2003-03-25
485,RAHARVEL,Jonathan,H,MAD,2002-04-24
486,RABEJAONA,Antsa,F,MAD,2002-06-05
487,GOMES,Filipe,H,MAW,1997-04-07
488,CHANGANAMUNO,Tayamika,F,MAW,2000-07-01
489,KHIEW,Hoe Yean,H,MAS,2002-09-02
490,TAN,Rouxin,F,MAS,2006-07-06
491,SHAIG,Aishath Ulya,F,MDV,2002-10-19
492,HUSSAIN,Mohamed Aan,H,MDV,2004-07-11
493,KOUMA,Alexien,H,MLI,2005-02-08
494,DIABATE,Aichata,F,MLI,2005-08-28
495,GATT,Sasha,F,MLT,2005-06-22
496,MICALLEF,Kyle,H,MLT,2001-06-20
497,HEPLER,Kayla,F,MHL,2002-03-22
498,KINONO,Philli,H,MHL,1997-12-10
499,DOUA,Camil,H,MTN,2002-02-23
500,TEELUCK,Anishta,F,MRI,2001-05-07
501,PURAHOO,Ovesh,H,MRI,2001-08-13
502,DE LARA OJEDA,Miguel Alejandro,H,MEX,1994-08-09
503,PULIDO,ORTIZ Celia,F,MEX,2003-01-01
504,IGA,Jorge,H,MEX,1997-01-12
505,CASTANO,GARCIA Gabriel,H,MEX,1997-11-01
506,DRUENNE,Theo,H,MON,2005-07-19
507,BATBAYAR,Enkhkhuslen,F,MGL,2001-12-14
508,BATBAYAR,Enkhtamir,H,MGL,2004-09-27
509,KULJACA,Jovana,F,MNE,2004-05-06
510,MILENKOVIC,Milos,H,MNE,2005-07-12
511,EL FALLAKI,Ilias,H,MAR,2006-02-05
512,EL BARODI, Imane Houda,F,MAR,2001-02-21
513,LAWRENCE,Matthew,H,MOZ,2003-12-27
514,DONELLI,Denise,F,MOZ,1996-05-20
515,HAN,Phone Pyae,H,MYA,2008-10-09
516,SHAH,Alexander,H,NEP,2002-10-29
517,LAMA,Duana,F,NEP,2006-07-14
518,SCHREUDERS,Mikel,H,NED,1998-09-21
519,FARRO,Chloe,F,NED,2003-06-19
520,VAN KOOTEN ,Janna,F,NED,2004-08-14
521,VAN NUNEN ,Sam,F,NED,2001-03-15
522,DE JONG,Imani,F,NED,2002-05-28
523,BUSCH,Kim,F,NED,1998-06-16
524,STEENBERGEN,Marrit,F,NED,2000-01-11
525,DE WAARD,Maaike,F,NED,1996-10-11
526,VAN ROON ,Valerie,F,NED,1998-08-13
527,SCHOUTEN,Tes,F,NED,2000-12-31
528,TOUSSAINT,Kira,F,NED,1994-05-22
529,GIELE,Tessa,F,NED,2002-11-01
530,HOLKENBORG,Silke,F,NED,2001-08-31
531,KORSTANJE,Nyls,H,NED,1999-02-05
532,NIEWOLD,Sean,H,NED,2002-04-20
533,CORBEAU,Caspar,H,NED,2001-04-03
534,KAMMINGA,Arno,H,NED,1995-10-22
535,SIMONS,Kenzo,H,NED,2001-04-13
536,VAN WESTERING ,Kai,H,NED,2003-10-11
537,PIJNENBURG,Stan,H,NED,1996-11-04
538,TJON-A-JOE,Renzo,H,NED,1995-07-08
539,CONNOLLY,Lanihei,F,NZL,2005-12-30
540,DEANS,Caitlin,F,NZL,1999-12-05
541,OUWEHAND,Vanessa Hazel,F,NZL,1999-12-30
542,TOREPE-ORMSBY,Taiko,H,NZL,2003-08-16
543,FOLLOWS,Kane,H,NZL,1997-05-27
544,TRANSOM,Laticia-Leigh,F,NZL,2001-04-10
545,THOMAS,Eve,F,NZL,2001-02-09
546,CLAREBURT,Lewis,H,NZL,1999-07-04
547,GRAY,Cameron,H,NZL,2003-08-13
548,FAIRWEATHER,Erika,F,NZL,2003-12-31
549,SCHUTZMEIER,Maria Victoria,F,NCA,1999-10-29
550,HERNANDEZ,Gerald,H,NCA,2004-10-27
551,AHMADOU,YOUSSOUFOU Salima,F,NIG,2003-10-21
552,MAMANE,HAMISSOU ABBA Marouane,H,NIG,2009-01-21
553,NWANDU,Adaku,F,NGR,2007-09-29
554,SIJUADE,Tobi,H,NGR,2002-02-23
555,GJURETANOVIKJ,Nikola,H,MKD,2007-11-07
556,LIA,Nicholas,H,NOR,2001-02-13
557,JOENTVEDT,Jon,H,NOR,2003-07-28
558,AL ADAWI ,Issa Samir Hamed,H,OMA,1999-03-20
559,NABI,Jehanara,F,PAK,2004-07-14
560,DURRANI,Muhammad Ahmed,H,PAK,2006-01-03
561,HOSEI,Yuri,F,PLW,2005-05-20
562,HOSEI,Jion,H,PLW,2007-05-19
563,AL BAWWAB ,Yazan,H,PLE,1999-10-30
564,TARAZI,Valerie Rose,F,PLE,1999-10-09
565,SANTOS,SILVA Emily,F,PAN,2005-07-15
566,CHRISTIANSON,Bernhard Tyler,H,PAN,2001-12-09
567,TARERE,Josh,H,PNG,2000-01-31
568,VELE,Georgia-Leigh,F,PNG,1998-12-11
569,ALONSO,Luana,F,PAR,2004-03-19
570,MATEOS,Matheo,H,PAR,2000-11-10
571,ZHANG,Yufei,F,CHN,1998-04-19
572,SUN,Jiajun,H,CHN,2000-08-01
573,QIN,Haiyang,H,CHN,1999-05-17
574,XU,Jiayu,H,CHN,1995-08-19
575,WANG,Haoyu,H,CHN,2005-07-27
576,CHEN,Juner,H,CHN,2004-02-17
577,NIU,Guangsheng,H,CHN,2004-06-09
578,DONG,Zhihao,H,CHN,2005-03-31
579,JI,Xinjie,H,CHN,1997-10-27
580,ZHANG,Zhanshuo,H,CHN,2007-05-14
581,PAN,Zhanle,H,CHN,2004-08-04
582,WANG,Changhao,H,CHN,2002-08-01
583,FEI,Liwei,H,CHN,2003-03-12
584,WANG,Xueer,F,CHN,1998-01-15
585,YANG,Junxuan,F,CHN,2002-01-26
586,GAO,Weizhong,F,CHN,2008-03-18
587,YU,Yiting,F,CHN,2005-09-05
588,PENG,Xuwei,F,CHN,2003-01-15
589,LI,Bingjie,F,CHN,2002-03-03
590,GE,Chutong,F,CHN,2003-09-23
591,WANG,Shun,H,CHN,1994-02-11
592,TANG,Qianting,F,CHN,2004-03-14
593,YANG,Chang,F,CHN,2001-09-16
594,WAN,Letian,F,CHN,2004-08-12
595,WU,Qingfeng,F,CHN,2003-01-28
596,CHEN,Luying,F,CHN,2006-11-11
597,YE,Shiwen,F,CHN,1996-03-01
598,KONG,Yaqi,F,CHN,2008-01-24
599,LIU,Yaxin,F,CHN,1999-06-16
600,TANG,Muhan,F,CHN,2003-09-04
601,CHENG,Yujie,F,CHN,2005-09-22
602,DE BEVER ,McKenna,F,PER,1996-06-05
603,VARGAS,Joaquin,H,PER,2002-02-19
604,HATCH,Jarod,H,PHI,1998-12-10
605,SANCHEZ,Kayla,F,PHI,2001-04-07
606,MASIUK,Ksawery,H,POL,2004-12-17
607,KALUSOWSKI,Jan,H,POL,2000-03-12
608,MAIK,Julia,F,POL,2003-09-23
609,SIERADZKI,Kamil,H,POL,2002-01-11
610,JASKIEWICZ,Adrian,H,POL,2002-01-31
611,BERNAT,Laura,F,POL,2005-09-28
612,PISKORSKA,Adela,F,POL,2003-11-16
613,MAJERSKI,Jakub,H,POL,2000-08-18
614,WASICK,Katarzyna,F,POL,1992-03-22
615,FAMULOK,Zuzanna,F,POL,2003-11-14
616,LUDWICZAK,Piotr,H,POL,1996-05-01
617,PEDA,Paulina,F,POL,1998-03-18
618,DUDYS,Dominik,H,POL,2002-08-23
619,PISZCZOROWICZ,Bartosz,H,POL,1999-10-23
620,STOKOWSKI,Kacper,H,POL,1999-01-06
621,CHMIELEWSKI,Krzysztof,H,POL,2004-06-08
622,CHMIELEWSKI,Michal,H,POL,2004-06-08
623,FIEDKIEWICZ,Kornelia,F,POL,2001-08-05
624,SZTANDERA,Dominika,F,POL,1997-01-19
625,CHOWANIEC,Mateusz,H,POL,2003-10-03
626,REBELO,Camila,F,POR,2003-02-03
627,MATOS,RIBEIRO Diogo,H,POR,2004-10-27
628,NASCIMENTO,Miguel,H,POR,1995-01-19
629,COSTA,Joao,H,POR,2001-08-06
630,AL-OBAIDLY,Abdulaziz,H,QAT,2001-09-28
631,CHO,Sung Jae,H,KOR,2001-03-13
632,CHOI,Dongyeol,H,KOR,1999-05-01
633,HUR,Yeonkyung,F,KOR,2005-12-16
634,HWANG,Sunwoo,H,KOR,2003-05-21
635,JI,Yuchan,H,KOR,2002-08-24
636,KIM,Jihun,H,KOR,2000-05-15
637,KIM,Minseo,H,KOR,2004-03-18
638,KIM,Seoyeong,F,KOR,1994-03-17
639,KIM,Yeonghyeon,H,KOR,2004-03-03
640,LEE,Eunji,F,KOR,2006-07-23
641,LEE,Hojoon,H,KOR,2001-02-14
642,LEE,Juho,H,KOR,1995-01-23
643,LEE,Yooyeon,H,KOR,2000-09-04
644,YANG,Jaehoon,H,KOR,1998-05-07
645,KIM,Woomin,H,KOR,2001-08-24
646,SALCUTAN,Tatiana,F,MDA,2001-04-16
647,ALOVATKI,Pavel,H,MDA,2003-10-31
648,DIACONESCU,Rebecca-Aimee,F,ROU,2006-04-24
649,POPOVICI,David,H,ROU,2004-09-15
650,STANCU,Vlad Stefan,H,ROU,2005-08-13
651,SOMOV,Evgenii,H,RUS,1999-01-28
652,PEYRE,MITILLA Oscar Cyusa,H,RWA,2005-04-27
653,UMUHOZA,UWASE Lidwine,F,RWA,1999-06-13
654,NISBETT,Troy,H,SKN,2009-01-06
655,ODLUM-SMITH,Jayhan Jamaud,H,LCA,2002-01-11
656,STICKLAND,Johann,H,SAM,2003-03-04
657,BROWN,Kaiya,F,SAM,2004-04-17
658,BIANCHI,Loris,H,SMR,2001-08-01
659,ALSARRAJ,Zaid Faisal M,H,KSA,2007-11-20
660,ALAYED,Mashael Meshari A,F,KSA,2006-12-18
661,DIOP,Oumy,F,SEN,2003-08-29
662,SEYE,Matthieu,H,SEN,2002-01-27
663,CREVAR,Anja,F,SRB,2000-05-24
664,ACIN,Nikola,H,SRB,1999-12-19
665,BARNA,Andrej,H,SRB,1998-03-06
666,CVETKOV,Justin,H,SRB,2007-06-12
667,STJEPANOVIC,Velimir,H,SRB,1993-08-07
668,BACHMANN,Simon,H,SEY,1999-02-17
669,ELIZABETH,Khema,F,SEY,2005-01-27
670,WYSE,Joshua,H,SLE,2001-03-24
671,SAM,Olamide,F,SLE,1999-12-04
672,SIM,En Yi Letitia,F,SGP,2003-03-03
673,TAN,Jonathan Eu Jin,H,SGP,2002-03-11
674,SIM,Levenia,F,SGP,2006-06-20
675,QUAH,Jing Wen,F,SGP,2000-12-20
676,GAN,Ching Hwee,F,SGP,2003-07-22
677,DUSA,Matej,H,SVK,2000-07-10
678,POTOCKA,Tamara,F,SVK,2002-08-15
679,SEGEL,Janja,F,SLO,2001-06-17
680,FAIN,Katja,F,SLO,2001-08-31
681,KLANCAR,Neza,F,SLO,2000-02-19
682,BOSKAN,Saso,H,SLO,2002-12-12
683,PINTAR,Tjasa,F,SLO,1997-02-15
684,MILLAR,Isabella,F,SOL,2007-11-08
685,CANNY,Aimee,F,RSA,2003-11-21
686,SATES,Matthew,H,RSA,2003-07-28
687,COETZE,Pieter,H,RSA,2004-05-13
688,MEDER,Rebecca,F,RSA,2002-07-31
689,GALLAGHER,Erin,F,RSA,1998-12-18
690,LE CLOS ,Chad,H,RSA,1992-04-12
691,SMITH,Tatjana,F,RSA,1997-07-09
692,CORBETT,Kaylene,F,RSA,1999-06-15
693,CABANES,GARZAS Laura,F,ESP,2006-01-03
694,CAMPABADAL,AMEZCUA Ainhoa,F,ESP,2003-06-03
695,CARRASCO,CADENS Emma,F,ESP,2005-12-31
696,CASTRO,VALLE Cesar,H,ESP,1999-05-31
697,COLL,MARTI Carles,H,ESP,2001-10-15
698,DAZA,GARCIA Maria,F,ESP,2007-08-28
699,DE CELIS MONTALBAN ,Sergio,H,ESP,2000-01-18
700,DOMINGUEZ,Luis,H,ESP,2003-01-18
701,GONZALEZ,ALVAREZ Arbidel,H,ESP,2002-08-31
702,GONZALEZ,de OLIVEIRA Hugo,H,ESP,1999-02-19
703,HERRERO,LAZARO Alba,F,ESP,2002-08-20
704,JULIA,TOUS Ferran,H,ESP,2000-07-07
705,JUSTE,SANCHEZ Paula,F,ESP,2003-07-02
706,MOLLA,YANES Mario,H,ESP,2002-04-13
707,VALL,MONTERO Jessica,F,ESP,1988-11-22
708,WEILER,SASTRE Carmen,F,ESP,2004-10-25
709,ZAMORANO,SANZ Africa,F,ESP,1998-01-11
710,ABEYSINGHE,Kyle,H,SRI,2000-02-04
711,SENAVIRATHNE,Ganga,F,SRI,2003-05-27
712,JOACHIM,Alex,H,VIN,2003-04-14
713,SALEEM,Ziyad,H,SUD,2003-03-24
714,SAADELDIN,Rana,F,SUD,2008-08-04
715,HOOST,Irvin,H,SUR,1999-04-19
716,DJOPARTO,Kaelyn Ciara Suryanti,F,SUR,2006-06-01
717,COLEMAN,Michelle,F,SWE,1993-10-31
718,ELIASSON,Isak,H,SWE,1996-01-22
719,PERSSON,Elias,H,SWE,2002-04-03
720,HANSON,Robin,H,SWE,2001-04-02
721,HANSSON,Sophie,F,SWE,1998-08-02
722,HANSSON,Louise,F,SWE,1996-11-24
723,JUNEVIK,Sara,F,SWE,2000-02-14
724,PERSSON,Erik,H,SWE,1994-01-12
725,SEELIGER,Bjoern,H,SWE,2000-01-11
726,SJOESTROEM,Sarah,F,SWE,1993-08-17
727,AASTEDT,Sofia,F,SWE,2003-11-13
728,ROSVALL,Hanna,F,SWE,2000-02-10
729,BEHAR,Tiago,H,SUI,2002-03-05
730,BOLLIN,Thierry,H,SUI,2000-01-11
731,DESPLANCHES,Jeremy,H,SUI,1994-08-07
732,DJAKOVIC,Antonio,H,SUI,2002-10-08
733,LIESS,Nils,H,SUI,1996-08-24
734,MAMIE,Lisa,F,SUI,1998-10-27
735,MITYUKOV,Roman,H,SUI,2000-07-30
736,PONTI,Noe,H,SUI,2001-06-01
737,MASO,Alaa,H,SYR,2000-01-01
738,ABBAS,Omar,H,SYR,1999-03-02
739,BORDACHYOVA,Ekaterina,F,TJK,2003-05-17
740,MADKAMOV,Fakhriddin,H,TJK,2000-01-14
741,SRISA,- ARD Jenjira,F,THA,1995-04-16
742,KAEWSRIYONG,Dulyawat,H,THA,2002-08-13
743,DAOU,Magnim Jordano,H,TOG,2004-07-11
744,UHI,Alan Koti Lopeti,H,TGA,2005-10-16
745,DAY,Noelani Malia,F,TGA,2003-04-24
746,FERGUSON,Zuri,F,TTO,2007-03-01
747,CARTER,Dylan,H,TTO,1996-01-01
748,BOULAKBECH,Jamila,F,TUN,2006-12-19
749,OGRETIR,Berkay,H,TUR,1998-02-16
750,SAKA,Berke,H,TUR,2003-07-09
751,DONMEZ,Ecem,F,TUR,1998-10-29
752,OZDEMIR,Ela Naz,F,TUR,2006-04-23
753,GUVENC,Gizem,F,TUR,2002-08-09
754,BILGIN,Zehra,F,TUR,2002-04-27
755,ZHALAYEV,Musa,H,TKM,2003-05-15
756,PRIMOVA,Aynura,F,TKM,2006-09-02
757,SSENGONZI,Jesse Ssuubi,H,UGA,2002-08-27
758,MUZITO,Gloria Anna,F,UGA,2002-11-29
759,ROMANCHUK,Mykhailo,H,UKR,1996-08-07
760,BUKHOV,Vladyslav,H,UKR,2002-07-05
761,KESIL,Denys,H,UKR,2000-10-26
762,ZHELTIAKOV,Oleksandr,H,UKR,2005-11-15
763,SHARAFUTDINOVA,Nika,F,UKR,2005-06-14
764,ALMATROOSHI,Yousuf,H,UAE,2003-06-01
765,ALSHEHHI,Maha,F,UAE,2006-07-12
766,LATIFF,Sophia,F,TAN,2006-12-24
767,SALIBOKO,Collins,H,TAN,2002-04-09
768,GREENE,Kennice Aphenie,F,USA,2007-07-06
769,NOEL,Raekwon Jibril,H,USA,2005-12-21
770,KUIPERS,Natalia Jean,F,USA,2002-06-13
771,WILSON,Maximillian,H,USA,2004-04-28
772,MORALES,Yeziel,H,USA,1996-01-16
773,ROMANO,Kristen Elena,F,USA,1999-09-24
774,GRAND'PIERRE,Alexandre,H,USA,2003-01-22
775,WEITZEIL,Abbey,F,USA,1996-12-03
776,ALEXY,Jack,H,USA,2003-01-19
777,ARMSTRONG,Hunter,H,USA,2001-01-24
778,BACON,Phoebe,F,USA,2002-08-12
779,BERKOFF,Katharine,F,USA,2001-01-28
780,CONNOLLY,Erika,F,USA,1998-08-27
781,CASAS,Shaine,H,USA,1999-12-25
782,CURRY,Brooks,H,USA,2001-01-20
783,DOUGLASS,Kate,F,USA,2001-11-17
784,DRESSEL,Caeleb,H,USA,1996-08-16
785,FALLON,Matt,H,USA,2002-10-03
786,FINK,Nic,H,USA,1993-07-03
787,FINKE,Bobby,H,USA,1999-11-06
788,FOSTER,Carson,H,USA,2001-10-26
789,GEMMELL,Erin,F,USA,2004-12-02
790,GUILIANO,Chris,H,USA,2003-06-25
791,HEILMAN,Thomas,H,USA,2007-02-07
792,HELD,Ryan,H,USA,1995-06-27
793,HOBSON,Luke,H,USA,2003-06-25
794,HUSKE,Torri,F,USA,2002-12-07
795,JOHNSTON,David,H,USA,2001-10-28
796,JONES,Keaton,H,USA,2004-10-13
797,KALISZ,Chase,H,USA,1994-03-07
798,KIBLER,Drew,H,USA,2000-03-09
799,KING,Lilly,F,USA,1997-02-10
800,KING,Matt,H,USA,2002-02-19
801,LEDECKY,Katie,F,USA,1997-03-17
802,MADDEN,Paige,F,USA,1998-10-22
803,MANUEL,Simone,F,USA,1996-08-02
804,MATHENY,Josh,H,USA,2002-10-16
805,MURPHY,Ryan,H,USA,1995-07-02
806,PEPLOWSKI,Anna,F,USA,2002-09-25
807,PIERONI,Blake,H,USA,1995-11-15
808,SHACKELL,Aaron,H,USA,2004-09-08
809,SHACKELL,Alex,F,USA,2006-11-13
810,SMITH,Kieran,H,USA,2000-05-20
811,SMITH,Regan,F,USA,2002-02-09
812,SWANSON,Charlie,H,USA,1998-02-20
813,URLANDO,Luca,H,USA,2002-03-16
814,WALSH,Alex,F,USA,2001-07-31
815,WALSH,Gretchen,F,USA,2003-01-29
816,WEBER,Emma,F,USA,2004-01-13
817,WEINSTEIN,Claire,F,USA,2007-03-01
818,WEYANT,Emma,F,USA,2001-12-24
819,WHITLOCK,Luke,H,USA,2006-03-08
820,MASEI,Micah,H,USA,1999-03-22
821,CHOULOUTE,Mayah,F,USA,2009-11-18
822,NOLLES,Leo,H,URU,2003-04-12
823,FRANK,Nicole,F,URU,2003-09-08
824,SIBIRTSEV,Ilya,H,UZB,2001-04-28
825,ZELINSKAYA,Anastasiya,F,UZB,2004-04-21
826,SILAS,Johnathan,H,VAN,2002-08-12
827,MESTRE,VIVAS Alfonso Enrique,H,VEN,2001-09-24
828,MESTRE,Alberto,H,VEN,1999-02-10
829,YEGRES,COTTIN Maria Victoria,F,VEN,2005-11-23
830,NGUYEN,Huy Hoang,H,VIE,2000-07-10
831,VO,Thi My Tien,F,VIE,2005-10-29
832,NASSER,Yusuf Marwan Abdullah,H,YEM,2008-05-26
833,PHIRI,Mia,F,ZAM,2003-05-05
834,SHAMAMBO,Damien,H,ZAM,2003-08-19
835,VAN DER WESTHUIZEN ,Paige,F,ZIM,2003-04-23
836,CYPRIANOS,Denilson,H,ZIM,2002-10-07
837,GARACH BENITO,Carlos,H,ESP,2004-07-20
838,ALBAYRAK,Emir Batur,H,TUR,2007-06-07
839,AUBOECK,Felix,H,AUT,1996-12-19
840,BETLEHEM,David,H,HUN,2003-09-04
841,CHRISTIANSEN,Henrik,H,NOR,1996-10-09
842,GRIMES,Katie,F,USA,2006-01-08
843,JAOUADI,Ahmed,H,TUN,2005-05-30
844,JOHANSSON,Victor,H,SWE,1998-09-13
845,JOHNSON,Moesha,F,AUS,1997-09-19
846,KLEMET,Oliver,H,GER,2002-03-18
847,MARTENS,Leonie,F,GER,2004-03-08
848,PALTRINIERI,Gregorio,H,ITA,1994-09-05
849,TADDEUCCI,Ginevra,F,ITA,1997-05-03
850,TUNCELLI,Kuzey,H,TUR,2007-08-30
851,WELLBROCK,Florian,H,GER,1997-08-19
852,WIFFEN,Daniel,H,IRL,2001-07-14
