NageurID,EpreuveID,Position,Temps,Couloir,Medaille
1,16,8,27.14,1,Aucune
2,95,4,2:12.21,6,Aucune
3,76,5,52.32,7,Aucune
4,160,6,1:59.41,1,Aucune
4,162,8,2:00.13,8,Aucune
5,50,8,57.34,8,Aucune
6,109,7,2:22.19,1,Aucune
7,76,7,52.52,3,Aucune
8,58,2,1:02.70,6,Aucune
9,33,3,1:14.78,3,Aucune
10,36,6,1:06.89,8,Aucune
10,103,7,2:26.55,8,Aucune
10,39,8,1:07.31,8,Aucune
11,164,2,4:14.24,5,Aucune
11,181,7,8:37.43,1,Aucune
12,66,8,55.03,8,Aucune
13,27,3,1:01.24,6,Aucune
14,78,7,51.54,2,Aucune
15,109,2,2:07.13,3,Aucune
15,111,3,2:07.10,5,Aucune
15,119,7,2:08.15,1,Aucune
16,29,3,57.46,6,Aucune
16,31,7,57.84,6,Aucune
17,100,1,1:54.64,5,Aucune
17,167,1,3:57.49,5,Or
17,98,2,1:56.23,4,Aucune
17,101,2,1:53.81,4,Argent
17,166,2,4:02.46,4,Aucune
17,182,2,8:12.29,3,Argent
17,181,3,8:19.87,5,Aucune
18,22,2,21.86,8,Aucune
18,91,5,51.33,1,Aucune
18,93,6,51.17,7,Aucune
18,24,7,21.94,6,Aucune
19,136,7,2:00.50,3,Aucune
19,69,8,54.34,1,Aucune
20,178,7,4:14.36,2,Aucune
23,23,1,21.32,4,Aucune
23,25,1,21.38,4,Aucune
23,26,1,21.25,5,Or
24,175,2,3:44.87,5,Aucune
24,176,2,3:42.21,6,Argent
24,186,2,7:42.86,3,Aucune
24,187,8,7:48.36,6,Aucune
25,107,2,2:08.97,4,Aucune
25,110,3,2:06.17,6,Aucune
25,119,4,2:07.11,6,Aucune
26,128,0,0,8,Aucune
26,123,3,2:10.75,6,Aucune
26,126,3,2:10.16,3,Aucune
26,169,3,4:39.04,7,Aucune
26,104,5,2:25.61,6,Aucune
26,170,5,4:38.01,7,Aucune
26,105,6,2:24.56,1,Aucune
27,28,2,56.79,5,Aucune
27,32,4,56.74,3,Aucune
27,40,6,56.93,7,Aucune
29,44,2,59.37,5,Aucune
29,47,3,58.63,6,Aucune
29,55,5,58.98,6,Aucune
30,68,7,54.21,1,Aucune
31,145,1,2:09.49,4,Aucune
31,147,1,2:08.57,4,Aucune
31,155,2,2:06.79,5,Argent
33,113,5,2:10.53,5,Aucune
34,165,3,4:03.30,2,Aucune
34,167,8,4:04.96,2,Aucune
35,169,5,4:40.55,5,Aucune
36,34,1,1:07.27,4,Aucune
36,103,2,2:24.38,3,Aucune
36,105,5,2:24.05,6,Aucune
37,59,3,59.75,1,Aucune
37,144,4,2:10.68,3,Aucune
37,147,5,2:09.89,1,Aucune
37,62,6,59.64,7,Aucune
37,155,8,2:11.44,8,Aucune
39,44,1,58.48,4,Aucune
39,47,1,57.99,5,Aucune
39,55,1,57.33,5,Or
39,115,1,2:08.89,4,Aucune
39,117,1,2:07.57,5,Aucune
39,120,1,2:03.73,5,Or
39,125,3,2:11.26,4,Aucune
39,128,3,2:08.08,1,Bronze
39,127,5,2:09.97,2,Aucune
40,83,1,48.07,5,Aucune
40,84,1,47.58,3,Aucune
40,86,2,47.48,5,Argent
41,190,0,0,3,Aucune
41,180,1,8:20.21,5,Aucune
41,182,6,8:21.09,6,Aucune
42,90,2,50.89,5,Aucune
42,93,4,50.95,6,Aucune
42,94,7,51.1,1,Aucune
42,151,7,1:57.39,1,Aucune
43,130,1,1:46.15,5,Aucune
43,134,3,1:45.37,3,Aucune
43,141,7,1:45.57,2,Aucune
44,9,2,24.5,3,Aucune
44,13,2,23.97,7,Argent
44,12,3,24.33,3,Aucune
45,51,1,53.27,4,Aucune
45,54,1,52.75,3,Aucune
45,97,1,1:55.79,4,Aucune
45,101,1,1:53.27,5,Or
45,100,2,1:54.70,4,Aucune
45,56,4,52.34,3,Aucune
47,174,2,3:44.88,4,Aucune
47,186,3,7:46.83,4,Aucune
47,176,4,3:42.64,2,Aucune
47,194,7,14:58.15,5,Aucune
48,59,8,1:00.50,3,Aucune
49,135,1,1:58.30,4,Aucune
50,8,1,24.38,4,Aucune
50,51,2,53.4,5,Aucune
50,53,2,52.72,3,Aucune
50,11,3,24.29,5,Aucune
50,56,5,52.72,5,Aucune
50,13,8,24.39,2,Aucune
51,132,5,1:46.27,2,Aucune
51,134,5,1:46.18,2,Aucune
51,160,5,1:59.13,2,Aucune
51,161,7,1:58.77,1,Aucune
52,83,7,48.46,8,Aucune
52,84,8,48.42,8,Aucune
53,159,6,1:58.84,2,Aucune
53,161,6,1:58.13,7,Aucune
53,177,6,4:13.58,1,Aucune
56,90,4,51.55,7,Aucune
56,93,7,51.35,1,Aucune
57,151,3,1:55.19,2,Aucune
57,154,4,1:54.62,3,Aucune
57,156,6,1:54.17,8,Aucune
59,122,2,2:15.04,4,Aucune
60,65,4,55.13,6,Aucune
60,60,6,59.68,8,Aucune
60,63,8,1:00.18,7,Aucune
61,149,2,1:59.77,5,Aucune
62,6,3,26.76,5,Aucune
63,78,1,48.84,5,Aucune
64,7,6,26.27,7,Aucune
65,42,6,1:04.27,8,Aucune
66,143,3,2:22.51,3,Aucune
67,75,5,53.1,6,Aucune
68,3,6,30.52,6,Aucune
69,78,3,50.42,4,Aucune
70,38,2,1:05.93,2,Aucune
70,36,4,1:06.37,1,Aucune
70,102,7,2:28.19,7,Aucune
70,48,8,1:06.54,2,Aucune
71,60,2,59.25,7,Aucune
71,63,6,59.45,5,Aucune
72,114,3,2:09.64,7,Aucune
72,117,5,2:08.79,6,Aucune
72,45,7,1:00.94,1,Aucune
72,120,8,2:10.23,8,Aucune
73,97,4,1:57.50,2,Aucune
73,165,6,4:08.25,1,Aucune
73,99,7,1:57.50,7,Aucune
74,132,2,1:46.04,8,Aucune
74,183,3,7:51.51,7,Aucune
74,134,6,1:46.20,5,Aucune
74,174,7,3:46.76,2,Aucune
75,44,4,59.68,7,Aucune
75,30,5,57.54,7,Aucune
75,32,5,57.25,7,Aucune
75,47,5,59.86,2,Aucune
76,8,7,24.69,7,Aucune
76,11,8,24.82,1,Aucune
77,5,5,27.64,2,Aucune
78,64,2,57.61,3,Aucune
79,74,3,56.08,3,Aucune
80,7,4,26.07,3,Aucune
81,157,3,2:08.10,5,Aucune
82,107,3,2:09.32,5,Aucune
82,28,4,57.97,3,Aucune
82,110,6,2:08.74,7,Aucune
83,172,6,3:57.90,6,Aucune
84,58,3,1:02.79,2,Aucune
85,49,3,58.98,5,Aucune
86,190,3,16:05.40,2,Aucune
86,191,7,16:02.86,1,Aucune
87,166,8,4:10.46,2,Aucune
90,173,8,3:51.74,2,Aucune
91,132,0,0,1,Aucune
91,174,1,3:44.23,3,Aucune
91,176,5,3:42.76,5,Aucune
91,186,6,7:54.41,7,Aucune
94,83,4,48.35,7,Aucune
94,84,5,48.03,7,Aucune
94,20,6,22.31,6,Aucune
95,90,8,52.11,8,Aucune
96,82,8,49.38,2,Aucune
97,96,4,1:56.65,6,Aucune
97,99,5,1:56.89,6,Aucune
97,165,5,4:03.47,6,Aucune
97,180,6,8:32.20,7,Aucune
97,167,7,4:03.53,1,Aucune
100,152,7,1:56.49,8,Aucune
103,4,2,28.52,3,Aucune
104,64,5,1:00.38,7,Aucune
105,149,1,1:57.03,4,Aucune
105,175,7,3:49.30,2,Aucune
106,89,5,51.77,8,Aucune
107,144,3,2:10.59,2,Aucune
107,148,4,2:09.93,1,Aucune
108,113,7,2:12.15,8,Aucune
108,43,8,1:02.16,8,Aucune
109,3,5,30.33,7,Aucune
110,16,4,26.66,5,Aucune
111,3,1,29.63,4,Aucune
112,17,2,23.8,5,Aucune
113,121,3,2:24.51,3,Aucune
114,16,4,26.66,6,Aucune
115,75,3,52.95,3,Aucune
116,6,6,26.9,4,Aucune
117,74,6,1:03.42,7,Aucune
118,2,3,30.98,6,Aucune
119,29,2,57,5,Aucune
119,32,3,56.55,6,Aucune
119,50,4,54.16,2,Aucune
119,40,5,56.44,2,Aucune
120,150,1,1:54.06,5,Aucune
120,91,2,50.71,2,Aucune
120,153,2,1:54.01,4,Aucune
120,93,3,50.68,3,Aucune
120,94,3,50.45,7,Bronze
120,156,3,1:52.80,3,Bronze
122,67,7,54.19,8,Aucune
123,158,3,1:58.97,5,Aucune
123,162,3,1:57.76,1,Aucune
123,163,8,1:57.26,8,Aucune
124,91,1,50.55,4,Aucune
124,92,2,50.42,4,Aucune
124,94,2,49.99,3,Argent
124,22,3,21.92,5,Aucune
124,83,3,48.34,6,Aucune
124,26,4,21.58,8,Aucune
124,25,6,21.69,8,Aucune
124,85,6,48.06,7,Aucune
125,37,7,1:06.93,8,Aucune
126,10,3,24.57,6,Aucune
126,12,6,24.72,2,Aucune
127,103,4,2:25.11,2,Aucune
127,105,7,2:24.82,7,Aucune
128,98,1,1:56.21,3,Aucune
128,99,3,1:56.37,4,Aucune
128,101,4,1:55.29,8,Aucune
130,168,5,4:42.06,1,Aucune
132,113,1,2:08.54,4,Aucune
132,45,2,59.06,5,Aucune
132,46,2,58.82,5,Aucune
132,116,2,2:07.92,4,Aucune
132,120,3,2:05.57,2,Bronze
132,55,4,58.29,2,Aucune
133,124,1,2:10.63,5,Aucune
133,126,1,2:09.65,5,Aucune
133,103,5,2:25.45,6,Aucune
133,106,5,2:24.03,1,Aucune
133,128,6,2:09.74,2,Aucune
134,30,8,58.85,8,Aucune
135,46,3,59.1,7,Aucune
135,45,4,1:00.06,3,Aucune
135,55,6,59.25,7,Aucune
136,178,8,4:18.23,1,Aucune
137,110,1,2:04.87,3,Aucune
137,119,1,2:03.03,4,Or
137,123,1,2:09.90,4,Aucune
137,128,1,2:06.56,5,Or
137,169,1,4:37.35,4,Aucune
137,170,1,4:27.71,3,Or
137,127,2,2:08.30,4,Aucune
137,165,2,4:02.65,4,Aucune
137,167,2,3:58.37,6,Argent
137,109,3,2:07.70,4,Aucune
137,80,5,49.06,2,Aucune
142,69,5,53.89,8,Aucune
142,138,7,1:58.39,8,Aucune
142,71,8,53.71,8,Aucune
146,114,7,2:12.21,1,Aucune
147,14,3,30.96,5,Aucune
148,1,4,34.95,6,Aucune
149,172,2,3:51.29,7,Aucune
150,188,2,16:27.18,4,Aucune
150,181,8,8:46.46,8,Aucune
151,150,3,1:55.32,3,Aucune
151,153,5,1:55.07,6,Aucune
152,122,0,0,3,Aucune
153,34,5,1:09.16,2,Aucune
154,65,5,55.42,2,Aucune
155,2,1,29.6,8,Aucune
156,74,7,1:07.21,1,Aucune
157,15,2,27.52,6,Aucune
158,1,1,33.01,3,Aucune
159,107,6,2:18.56,7,Aucune
160,171,3,4:03.14,6,Aucune
161,87,1,53.32,2,Aucune
161,81,8,49.34,8,Aucune
162,10,8,25.24,1,Aucune
162,51,8,55.77,8,Aucune
163,19,2,22.08,2,Aucune
164,98,8,2:03.38,8,Aucune
165,192,3,16:00.31,3,Aucune
166,77,1,50.35,1,Aucune
167,50,6,54.75,7,Aucune
168,79,6,49.65,1,Aucune
168,89,8,52.61,1,Aucune
169,34,4,1:08.96,6,Aucune
169,102,5,2:26.28,2,Aucune
169,105,8,2:25.77,8,Aucune
170,67,3,53.41,2,Aucune
170,70,7,53.44,2,Aucune
171,99,2,1:56.06,2,Aucune
171,97,3,1:57.02,5,Aucune
171,30,4,57.5,1,Aucune
171,50,5,54.66,6,Aucune
171,32,6,57.64,2,Aucune
171,101,6,1:55.47,7,Aucune
171,53,8,53.94,8,Aucune
171,124,8,2:13.47,8,Aucune
172,15,6,29.04,4,Aucune
173,1,7,44.1,1,Aucune
174,15,7,30.04,1,Aucune
175,2,7,32.48,7,Aucune
177,27,1,58.45,4,Aucune
177,108,2,2:07.34,6,Aucune
177,110,4,2:06.65,5,Aucune
177,119,4,2:07.11,7,Aucune
178,8,5,24.64,8,Aucune
178,12,8,24.98,7,Aucune
182,103,8,2:27.81,5,Aucune
183,17,7,26,1,Aucune
184,1,3,33.69,4,Aucune
185,3,3,29.91,1,Aucune
186,17,5,24.67,3,Aucune
187,42,8,1:04.99,7,Aucune
188,78,8,51.55,1,Aucune
189,7,2,25.43,5,Aucune
190,160,7,2:03.40,8,Aucune
191,96,8,2:07.19,8,Aucune
192,193,0,0,5,Aucune
192,186,8,8:07.00,1,Aucune
193,75,2,52.73,4,Aucune
194,42,7,1:04.55,1,Aucune
195,15,3,28.42,7,Aucune
196,5,2,27.2,7,Aucune
197,17,4,24.25,6,Aucune
198,37,4,1:06.24,7,Aucune
198,39,5,1:06.23,6,Aucune
198,48,7,1:06.50,8,Aucune
198,104,8,2:30.68,8,Aucune
199,172,1,3:49.59,5,Aucune
199,153,3,1:54.22,2,Aucune
199,150,4,1:55.52,1,Aucune
199,156,7,1:54.55,2,Aucune
200,27,8,1:08.36,8,Aucune
201,57,4,1:09.85,6,Aucune
202,2,4,31.87,5,Aucune
203,58,5,1:04.14,1,Aucune
204,4,4,28.81,6,Aucune
205,6,5,26.88,2,Aucune
206,18,1,22.71,6,Aucune
207,34,2,1:08.73,3,Aucune
208,144,5,2:11.18,6,Aucune
209,4,6,28.86,8,Aucune
210,189,2,15:52.46,5,Aucune
210,191,2,15:40.35,3,Argent
210,180,4,8:22.99,2,Aucune
210,165,7,4:10.32,8,Aucune
210,182,7,8:22.80,8,Aucune
211,123,5,2:11.47,2,Aucune
211,126,8,2:12.80,2,Aucune
212,45,3,59.31,6,Aucune
212,51,3,53.65,2,Aucune
212,8,4,24.6,6,Aucune
212,46,4,59.29,3,Aucune
212,11,6,24.66,2,Aucune
212,54,8,54.29,2,Aucune
212,55,8,59.8,1,Aucune
213,10,7,25.05,2,Aucune
215,116,5,2:09.56,1,Aucune
215,115,7,2:10.30,1,Aucune
219,43,2,59.1,5,Aucune
219,115,3,2:09.66,6,Aucune
219,47,4,59.5,3,Aucune
219,116,4,2:09.38,6,Aucune
219,55,7,59.4,8,Aucune
222,28,3,57.54,6,Aucune
222,31,5,57.24,2,Aucune
222,52,5,53.7,2,Aucune
222,53,5,53.38,7,Aucune
223,184,1,7:44.59,8,Aucune
223,194,3,14:44.90,6,Aucune
223,173,4,3:47.53,7,Aucune
223,187,5,7:43.59,8,Aucune
223,196,7,14:44.66,6,Aucune
224,184,4,7:57.32,3,Aucune
225,80,3,48.82,5,Aucune
227,90,1,50.65,4,Aucune
227,92,1,50.41,5,Aucune
227,81,2,47.7,5,Aucune
227,24,3,21.6,8,Aucune
227,84,3,47.63,4,Aucune
227,22,4,21.94,3,Aucune
227,86,5,47.71,6,Aucune
227,94,5,50.75,5,Aucune
229,194,4,14:45.52,1,Aucune
229,196,8,14:52.61,1,Aucune
231,21,1,21.54,5,Aucune
231,26,3,21.56,1,Bronze
231,25,5,21.64,5,Aucune
232,148,1,2:08.11,5,Aucune
232,153,1,1:53.50,3,Aucune
232,155,1,2:05.85,4,Or
232,156,1,1:51.21,5,Or
232,162,1,1:56.31,5,Aucune
232,163,1,1:54.06,4,Or
232,178,1,4:08.30,4,Aucune
232,179,1,4:02.95,4,Or
232,146,2,2:09.55,5,Aucune
232,152,2,1:55.26,4,Aucune
232,159,2,1:57.86,4,Aucune
233,67,2,53.2,3,Aucune
233,70,2,52.63,3,Aucune
233,136,5,1:57.92,2,Aucune
233,73,7,52.77,3,Aucune
233,140,8,1:58.65,8,Aucune
235,92,6,51.58,8,Aucune
235,91,7,51.62,7,Aucune
236,69,4,53.51,6,Aucune
236,142,4,1:55.38,1,Aucune
236,137,5,1:57.62,3,Aucune
236,140,5,1:56.43,1,Aucune
236,71,7,53.63,1,Aucune
239,2,8,32.5,2,Aucune
240,15,4,28.47,3,Aucune
241,4,1,27.68,4,Aucune
242,33,4,1:15.12,6,Aucune
243,16,6,26.97,2,Aucune
244,65,8,56.46,7,Aucune
245,27,5,1:02.85,1,Aucune
246,180,2,8:20.63,3,Aucune
246,166,3,4:03.83,6,Aucune
246,189,3,15:53.27,3,Aucune
246,191,3,15:41.16,6,Bronze
246,167,5,4:02.14,8,Aucune
246,182,5,8:17.82,2,Aucune
247,98,7,1:59.87,7,Aucune
249,66,5,54.63,6,Aucune
251,31,2,56.55,3,Aucune
251,30,3,56.9,5,Aucune
251,40,4,56.42,6,Aucune
252,130,5,1:46.81,2,Aucune
252,134,8,1:47.34,1,Aucune
253,83,2,48.25,2,Aucune
253,85,4,47.94,2,Aucune
253,86,6,47.8,8,Aucune
254,185,4,7:43.67,5,Aucune
254,187,5,7:43.59,7,Aucune
254,195,5,14:51.97,6,Aucune
255,35,6,1:07.00,1,Aucune
256,138,1,1:56.89,2,Aucune
256,175,1,3:44.13,4,Aucune
256,176,1,3:41.78,4,Or
256,131,2,1:46.33,4,Aucune
256,133,2,1:45.36,2,Aucune
256,139,2,1:56.33,4,Aucune
256,141,5,1:45.46,6,Aucune
256,142,8,1:55.97,6,Aucune
257,62,4,59.31,6,Aucune
257,60,5,59.52,3,Aucune
257,72,5,59.3,1,Aucune
259,178,4,4:11.52,8,Aucune
259,179,8,4:17.16,8,Aucune
260,218,1,59.69,4,Aucune
260,61,2,59.49,6,Aucune
260,63,4,59.38,6,Aucune
260,72,4,59.11,8,Aucune
261,20,8,22.54,8,Aucune
262,67,6,53.95,1,Aucune
266,88,4,52.64,3,Aucune
268,77,7,51.12,6,Aucune
269,6,4,26.81,3,Aucune
270,24,1,21.54,4,Aucune
270,23,2,21.51,7,Aucune
270,81,3,48.01,6,Aucune
270,85,7,48.1,3,Aucune
270,26,8,21.64,6,Aucune
271,50,7,56.15,1,Aucune
272,44,8,1:01.78,8,Aucune
273,64,1,55.78,4,Aucune
275,175,5,3:47.54,8,Aucune
276,19,5,22.31,4,Aucune
277,168,3,4:37.62,5,Aucune
277,170,4,4:35.67,6,Aucune
277,124,5,2:12.88,7,Aucune
278,43,5,1:00.69,2,Aucune
279,160,4,1:58.30,3,Aucune
279,161,4,1:56.92,6,Aucune
279,163,5,1:56.46,7,Aucune
280,138,0,0,1,Aucune
281,91,8,52.23,8,Aucune
282,43,6,1:00.85,6,Aucune
284,9,4,24.72,6,Aucune
284,51,4,53.67,3,Aucune
284,12,5,24.5,8,Aucune
284,53,6,53.74,2,Aucune
285,194,8,15:03.75,2,Aucune
287,107,1,2:08.46,6,Aucune
287,111,4,2:08.04,6,Aucune
287,29,6,57.9,8,Aucune
287,31,8,58.11,8,Aucune
289,69,3,53.44,3,Aucune
289,71,3,52.85,7,Aucune
289,138,5,1:57.56,7,Aucune
289,139,6,1:57.28,7,Aucune
289,73,8,52.84,1,Aucune
291,22,1,21.7,4,Aucune
291,25,1,21.38,3,Aucune
291,26,2,21.3,4,Argent
292,130,2,1:46.19,4,Aucune
292,141,2,1:44.74,1,Argent
292,133,4,1:45.63,3,Aucune
292,83,5,48.4,3,Aucune
292,84,6,48.09,1,Aucune
293,159,1,1:57.77,5,Aucune
293,134,2,1:44.94,7,Aucune
293,161,2,1:56.49,4,Aucune
293,163,2,1:55.31,3,Argent
293,131,3,1:46.34,5,Aucune
293,141,4,1:44.87,5,Aucune
294,117,4,2:08.52,7,Aucune
294,168,4,4:40.40,7,Aucune
294,115,5,2:09.92,3,Aucune
294,120,5,2:07.53,1,Aucune
294,170,7,4:40.17,8,Aucune
295,107,4,2:10.46,3,Aucune
295,110,5,2:07.53,1,Aucune
295,119,8,2:08.82,8,Aucune
296,82,5,48.47,1,Aucune
297,60,4,59.4,1,Aucune
297,62,5,59.49,3,Aucune
298,123,4,2:10.95,3,Aucune
298,127,4,2:09.64,6,Aucune
298,128,5,2:09.51,6,Aucune
299,60,1,59.18,4,Aucune
299,62,1,58.86,4,Aucune
299,72,2,59.05,4,Argent
300,69,6,53.93,2,Aucune
300,70,8,53.46,8,Aucune
301,113,2,2:09.57,3,Aucune
301,117,2,2:07.84,3,Aucune
301,120,7,2:08.16,3,Aucune
302,35,4,1:06.38,5,Aucune
302,39,4,1:05.99,7,Aucune
302,48,6,1:05.85,7,Aucune
303,178,2,4:09.51,3,Aucune
303,179,4,4:08.85,5,Aucune
304,23,4,21.86,2,Aucune
304,25,4,21.62,2,Aucune
304,26,5,21.59,7,Aucune
305,69,1,52.95,5,Aucune
305,71,2,52.77,5,Aucune
305,142,2,1:54.82,2,Argent
305,136,3,1:57.18,7,Aucune
305,140,3,1:56.33,6,Aucune
305,73,4,52.41,7,Aucune
306,29,7,58.14,7,Aucune
308,10,5,24.8,7,Aucune
309,68,4,53.24,3,Aucune
309,70,6,52.97,6,Aucune
310,138,3,1:57.26,3,Aucune
310,140,7,1:57.77,2,Aucune
311,22,5,22,7,Aucune
312,192,1,15:11.19,5,Aucune
312,184,7,8:01.37,5,Aucune
316,159,7,2:00.79,1,Aucune
316,161,8,2:01.02,8,Aucune
316,177,8,4:15.32,2,Aucune
317,109,5,2:09.55,7,Aucune
317,28,7,58.72,7,Aucune
317,111,8,2:10.25,1,Aucune
320,64,4,58.92,6,Aucune
321,49,2,58.84,3,Aucune
322,158,5,2:02.24,1,Aucune
323,42,4,1:03.42,2,Aucune
324,16,2,26.45,3,Aucune
325,2,5,31.9,3,Aucune
326,14,1,28.34,4,Aucune
327,49,4,1:01.29,6,Aucune
328,97,7,2:04.88,8,Aucune
329,143,2,2:18.91,4,Aucune
330,78,6,51.46,7,Aucune
330,23,8,22.12,8,Aucune
333,52,1,53.02,4,Aucune
333,53,1,52.64,4,Aucune
333,96,2,1:56.38,4,Aucune
333,56,3,52.33,4,Bronze
333,100,3,1:55.51,3,Aucune
333,101,3,1:54.55,6,Bronze
336,112,2,2:17.32,4,Aucune
336,42,5,1:03.45,3,Aucune
337,96,5,1:57.77,2,Aucune
337,100,7,1:57.78,1,Aucune
338,178,6,4:12.20,7,Aucune
339,168,6,4:44.47,3,Aucune
339,190,6,16:31.25,7,Aucune
340,68,6,53.97,7,Aucune
341,108,5,2:09.28,2,Aucune
341,110,7,2:09.23,2,Aucune
342,181,6,8:36.13,7,Aucune
342,166,7,4:08.90,8,Aucune
343,68,1,52.78,2,Aucune
343,139,1,1:55.96,5,Aucune
343,142,1,1:54.26,4,Or
343,138,2,1:57.01,4,Aucune
343,71,4,52.98,4,Aucune
343,89,4,51.58,3,Aucune
343,92,8,52.22,1,Aucune
344,152,6,1:56.03,6,Aucune
344,153,7,1:55.93,8,Aucune
345,89,1,50.19,5,Aucune
345,93,1,50.38,4,Aucune
345,94,1,49.9,4,Or
345,151,1,1:53.92,4,Aucune
345,154,1,1:52.72,4,Aucune
345,156,2,1:51.75,4,Argent
346,116,6,2:09.83,8,Aucune
346,115,8,2:10.51,7,Aucune
347,131,0,0,1,Aucune
347,82,2,47.93,3,Aucune
347,84,2,47.61,5,Aucune
347,86,4,47.5,3,Aucune
348,97,0,0,6,Aucune
349,173,3,3:47.33,8,Aucune
349,184,3,7:48.90,7,Aucune
349,194,5,14:52.42,8,Aucune
350,123,8,2:15.16,7,Aucune
351,9,8,25.21,2,Aucune
352,113,3,2:09.72,6,Aucune
352,117,6,2:09.41,2,Aucune
353,22,7,22.12,6,Aucune
354,138,6,1:57.98,6,Aucune
354,139,7,1:57.58,8,Aucune
356,160,0,0,7,Aucune
356,177,7,4:14.88,7,Aucune
357,97,5,1:58.32,7,Aucune
357,51,6,54.85,1,Aucune
357,100,8,1:58.78,8,Aucune
358,58,1,1:00.62,5,Aucune
358,146,4,2:10.36,2,Aucune
358,148,8,2:10.42,2,Aucune
359,65,2,55.01,3,Aucune
360,95,1,2:06.96,4,Aucune
361,87,3,53.95,5,Aucune
362,121,1,2:20.51,4,Aucune
363,87,7,1:00.23,1,Aucune
366,19,1,21.79,7,Aucune
366,24,4,21.74,3,Aucune
368,37,2,1:05.74,3,Aucune
368,39,2,1:05.51,5,Aucune
368,48,3,1:05.59,5,Bronze
368,102,3,2:23.98,5,Aucune
368,106,6,2:24.48,6,Aucune
369,169,4,4:39.97,1,Aucune
369,28,6,58.7,8,Aucune
369,125,6,2:11.81,1,Aucune
369,127,7,2:11.35,8,Aucune
369,170,8,4:40.70,1,Aucune
371,43,4,1:00.40,3,Aucune
371,8,8,25.02,1,Aucune
371,46,8,1:00.80,8,Aucune
373,21,0,0,1,Aucune
375,78,4,50.63,8,Aucune
376,149,3,2:00.73,3,Aucune
377,66,4,54.61,4,Aucune
379,42,1,1:02.30,5,Aucune
379,113,6,2:10.71,1,Aucune
382,35,2,1:06.22,2,Aucune
382,114,4,2:10.29,6,Aucune
382,125,4,2:11.53,3,Aucune
382,127,6,2:10.32,7,Aucune
382,169,6,4:41.64,3,Aucune
382,117,8,2:11.96,1,Aucune
384,135,3,1:58.79,3,Aucune
385,130,6,1:47.01,1,Aucune
385,133,8,1:47.93,1,Aucune
387,89,3,51.3,6,Aucune
387,92,4,51.48,2,Aucune
388,96,7,2:00.38,7,Aucune
388,125,8,2:17.53,8,Aucune
389,20,2,22.01,1,Aucune
390,21,3,21.88,8,Aucune
390,24,6,21.91,2,Aucune
391,159,4,1:58.30,6,Aucune
391,162,5,1:58.89,6,Aucune
391,59,6,1:00.00,8,Aucune
391,62,8,1:00.37,8,Aucune
392,80,2,48.66,6,Aucune
392,90,7,51.94,2,Aucune
394,189,1,15:51.19,4,Aucune
394,181,4,8:20.89,3,Aucune
394,182,4,8:14.55,7,Aucune
394,191,4,15:44.05,5,Aucune
395,72,1,59.03,7,Or
395,60,3,59.39,5,Aucune
395,62,3,59.28,5,Aucune
397,70,1,52.58,7,Aucune
397,73,1,52,5,Or
397,67,4,53.45,4,Aucune
397,136,4,1:57.69,1,Aucune
397,139,4,1:56.59,1,Aucune
398,81,4,48.24,3,Aucune
398,85,5,47.95,6,Aucune
399,152,1,1:54.78,2,Aucune
399,159,3,1:58.00,3,Aucune
399,177,3,4:11.52,3,Aucune
399,153,4,1:54.51,5,Aucune
399,161,5,1:57.10,5,Aucune
399,179,5,4:09.38,7,Aucune
399,163,6,1:56.82,1,Aucune
399,156,8,1:54.85,1,Aucune
400,37,3,1:06.19,5,Aucune
400,38,3,1:06.12,3,Aucune
400,48,4,1:05.60,1,Aucune
401,124,5,2:12.88,6,Aucune
401,168,7,4:48.89,2,Aucune
402,23,3,21.64,1,Aucune
402,24,5,21.83,5,Aucune
403,151,5,1:55.81,3,Aucune
403,153,6,1:55.20,7,Aucune
405,185,5,7:44.07,7,Aucune
405,194,6,14:55.61,7,Aucune
405,187,7,7:46.16,1,Aucune
406,175,6,3:47.90,7,Aucune
407,21,2,21.79,7,Aucune
407,25,3,21.5,6,Aucune
407,82,6,48.82,8,Aucune
407,26,7,21.62,3,Aucune
408,173,7,3:48.38,6,Aucune
409,67,8,54.22,7,Aucune
410,131,5,1:47.39,7,Aucune
410,133,7,1:46.87,8,Aucune
411,131,4,1:47.31,2,Aucune
411,134,7,1:47.08,8,Aucune
412,137,8,1:59.05,8,Aucune
413,218,2,59.9,5,Aucune
413,63,4,59.38,8,Aucune
413,59,5,59.93,2,Aucune
414,35,3,1:06.27,6,Aucune
414,38,4,1:06.39,6,Aucune
415,29,8,58.66,1,Aucune
417,8,6,24.67,2,Aucune
417,12,7,24.77,1,Aucune
418,104,6,2:25.85,7,Aucune
418,106,7,2:25.39,8,Aucune
421,114,6,2:11.60,3,Aucune
423,28,0,0,1,Aucune
428,7,5,26.08,6,Aucune
429,87,5,54.66,6,Aucune
430,108,4,2:09.12,3,Aucune
430,111,6,2:08.71,2,Aucune
431,137,3,1:57.23,7,Aucune
431,139,8,1:58.03,6,Aucune
432,109,6,2:10.79,2,Aucune
432,111,7,2:09.16,8,Aucune
433,152,4,1:55.82,3,Aucune
433,154,8,1:56.21,1,Aucune
435,144,1,2:10.35,5,Aucune
435,148,3,2:09.72,6,Aucune
435,155,5,2:08.79,1,Aucune
436,169,2,4:37.84,6,Aucune
436,170,6,4:38.83,2,Aucune
437,31,6,57.79,1,Aucune
437,30,7,57.82,6,Aucune
438,36,2,1:06.04,6,Aucune
438,104,3,2:23.80,2,Aucune
438,106,4,2:23.54,3,Aucune
438,118,4,2:22.54,8,Aucune
438,38,5,1:06.90,5,Aucune
441,169,8,4:43.18,2,Aucune
442,125,5,2:11.70,6,Aucune
442,126,6,2:10.94,1,Aucune
443,35,5,1:06.98,3,Aucune
444,166,6,4:08.02,1,Aucune
445,150,8,1:57.30,4,Aucune
446,90,5,51.62,1,Aucune
446,93,5,51.08,8,Aucune
446,94,8,51.11,8,Aucune
447,130,3,1:46.23,3,Aucune
447,134,4,1:45.88,6,Aucune
447,91,6,51.43,6,Aucune
447,92,7,51.69,7,Aucune
447,141,8,1:46.26,8,Aucune
448,148,2,2:09.62,3,Aucune
448,145,3,2:09.86,5,Aucune
448,155,6,2:08.83,2,Aucune
449,160,1,1:57.48,6,Aucune
449,162,2,1:56.59,4,Aucune
449,178,3,4:10.92,5,Aucune
449,163,7,1:57.21,2,Aucune
449,179,7,4:11.78,3,Aucune
451,59,7,1:00.20,7,Aucune
452,30,1,56.71,3,Aucune
452,31,3,56.8,4,Aucune
452,40,7,57.19,1,Aucune
453,177,2,4:11.18,6,Aucune
453,179,2,4:08.62,2,Argent
454,66,6,54.71,2,Aucune
455,124,3,2:11.67,2,Aucune
455,127,8,2:11.85,1,Aucune
457,144,7,2:15.78,1,Aucune
458,164,5,4:37.30,3,Aucune
459,88,5,52.74,7,Aucune
459,79,8,49.92,8,Aucune
460,42,2,1:02.51,4,Aucune
461,7,3,25.82,2,Aucune
462,171,4,4:05.14,2,Aucune
463,6,8,27.34,6,Aucune
464,76,2,51.77,4,Aucune
465,76,6,52.35,8,Aucune
466,33,5,1:15.67,2,Aucune
467,145,6,2:10.99,1,Aucune
467,147,7,2:10.19,8,Aucune
467,61,8,1:00.42,1,Aucune
468,6,1,26.26,7,Aucune
469,95,2,2:07.22,5,Aucune
470,57,1,1:04.64,4,Aucune
471,122,3,2:15.79,6,Aucune
472,146,8,2:13.66,8,Aucune
473,78,2,50.1,3,Aucune
474,34,7,1:10.27,1,Aucune
475,41,4,1:10.99,6,Aucune
476,75,8,56.19,8,Aucune
478,36,3,1:06.34,4,Aucune
478,39,7,1:06.89,2,Aucune
480,131,1,1:45.91,3,Aucune
480,133,3,1:45.48,4,Aucune
480,141,5,1:45.46,7,Aucune
480,174,5,3:46.27,7,Aucune
480,81,7,48.53,1,Aucune
481,144,6,2:11.53,7,Aucune
482,60,8,1:00.29,2,Aucune
483,102,4,2:24.59,3,Aucune
483,105,4,2:23.42,2,Aucune
483,118,5,2:23.75,1,Aucune
483,37,6,1:06.76,2,Aucune
483,38,8,1:07.48,1,Aucune
484,79,2,49.12,5,Aucune
485,58,7,1:05.20,7,Aucune
486,6,7,27.12,8,Aucune
487,18,8,24.11,8,Aucune
488,4,7,29.32,7,Aucune
489,172,4,3:51.66,4,Aucune
490,33,1,1:12.50,4,Aucune
491,4,8,29.39,1,Aucune
492,17,3,24.22,4,Aucune
493,74,4,56.34,5,Aucune
494,1,5,37.55,2,Aucune
495,188,3,17:00.54,3,Aucune
496,18,2,22.89,5,Aucune
497,2,2,30.33,4,Aucune
498,15,1,27.43,5,Aucune
499,17,8,26.02,8,Aucune
500,112,3,2:18.67,3,Aucune
501,75,1,52.22,5,Aucune
502,58,0,0,4,Aucune
502,145,7,2:11.16,7,Aucune
502,147,8,2:11.28,7,Aucune
503,43,7,1:01.10,1,Aucune
504,80,7,49.28,1,Aucune
504,131,7,1:48.38,8,Aucune
505,23,5,21.89,6,Aucune
505,24,8,21.99,7,Aucune
506,183,7,8:25.01,1,Aucune
507,96,6,1:59.94,1,Aucune
508,77,5,50.81,8,Aucune
509,5,1,27.19,3,Aucune
510,87,4,54.26,4,Aucune
511,171,1,4:01.59,5,Aucune
512,33,2,1:14.57,5,Aucune
513,57,2,1:04.95,3,Aucune
514,41,2,1:08.73,3,Aucune
515,74,2,55.56,6,Aucune
516,76,3,51.91,1,Aucune
517,95,7,2:20.74,2,Aucune
518,79,1,48.84,4,Aucune
518,19,3,22.14,6,Aucune
519,7,7,26.49,8,Aucune
523,9,6,24.87,1,Aucune
524,52,2,53.22,5,Aucune
524,53,3,52.86,5,Aucune
524,56,7,52.83,2,Aucune
524,124,7,2:13.21,3,Aucune
525,45,5,1:00.12,2,Aucune
525,47,7,1:00.22,1,Aucune
526,66,1,54.21,1,Aucune
526,9,4,24.72,7,Aucune
526,136,6,1:58.99,8,Aucune
526,11,7,24.67,8,Aucune
527,103,1,2:23.08,4,Aucune
527,105,1,2:22.74,4,Aucune
527,118,3,2:21.05,3,Bronze
527,36,5,1:06.69,3,Aucune
527,39,6,1:06.56,1,Aucune
528,43,3,59.84,7,Aucune
528,46,7,1:00.37,2,Aucune
529,29,5,57.89,2,Aucune
529,32,8,57.91,8,Aucune
531,92,3,50.59,6,Aucune
531,91,4,51.17,3,Aucune
531,94,6,50.83,6,Aucune
532,80,3,48.82,4,Aucune
533,59,1,59.04,6,Aucune
533,145,2,2:09.78,3,Aucune
533,63,3,59.24,4,Aucune
533,147,3,2:09.52,5,Aucune
533,155,3,2:07.90,6,Bronze
533,72,8,59.98,2,Aucune
534,61,1,59.39,5,Aucune
534,63,2,59.12,3,Aucune
534,146,5,2:10.53,6,Aucune
534,72,6,59.32,3,Aucune
535,21,5,22.15,2,Aucune
538,20,4,22.1,3,Aucune
539,34,8,1:10.45,8,Aucune
541,28,5,58.03,2,Aucune
542,20,2,22.01,4,Aucune
543,65,2,55.01,4,Aucune
543,135,2,1:58.63,5,Aucune
545,181,5,8:33.25,2,Aucune
545,189,6,16:13.74,7,Aucune
545,165,8,4:11.86,7,Aucune
546,158,2,1:58.84,6,Aucune
546,178,4,4:11.52,6,Aucune
546,179,6,4:10.44,1,Aucune
546,150,7,1:57.12,8,Aucune
546,162,7,2:00.06,7,Aucune
547,80,6,49.24,7,Aucune
547,88,6,53.83,1,Aucune
548,165,1,4:02.55,5,Aucune
548,97,2,1:56.54,3,Aucune
548,180,3,8:22.22,6,Aucune
548,167,4,4:01.12,3,Aucune
548,100,5,1:56.31,6,Aucune
548,101,7,1:55.59,1,Aucune
548,182,8,8:23.27,1,Aucune
549,27,7,1:03.18,7,Aucune
550,149,4,2:06.80,6,Aucune
551,1,2,33.66,5,Aucune
552,14,2,30.66,3,Aucune
553,6,2,26.62,1,Aucune
554,18,3,23.34,3,Aucune
555,171,5,4:05.38,4,Aucune
556,19,7,22.51,1,Aucune
557,184,5,7:59.16,2,Aucune
558,75,6,53.19,7,Aucune
559,95,3,2:10.69,3,Aucune
560,129,4,1:58.67,6,Aucune
561,3,6,30.52,8,Aucune
562,17,6,25.67,7,Aucune
563,64,3,58.26,5,Aucune
564,121,2,2:20.56,5,Aucune
565,34,6,1:09.94,7,Aucune
566,143,1,2:15.62,5,Aucune
567,74,1,53.85,4,Aucune
568,5,4,27.61,5,Aucune
569,27,6,1:03.09,3,Aucune
570,157,1,2:03.45,4,Aucune
571,28,1,56.5,4,Aucune
571,109,1,2:06.55,5,Aucune
571,111,1,2:06.09,4,Aucune
571,8,2,24.54,5,Aucune
571,11,2,24.24,3,Aucune
571,32,2,56.15,4,Aucune
571,13,3,24.2,6,Bronze
571,40,3,56.21,3,Bronze
571,119,3,2:05.09,3,Bronze
572,88,1,51.85,6,Aucune
572,61,4,1:00.11,3,Aucune
573,63,1,58.93,2,Aucune
573,61,3,59.58,4,Aucune
573,148,5,2:09.96,8,Aucune
573,146,6,2:10.98,4,Aucune
573,72,7,59.5,5,Aucune
574,136,0,0,5,Aucune
574,71,1,52.02,6,Aucune
574,73,2,52.32,4,Argent
574,68,3,53.2,4,Aucune
575,83,8,48.79,1,Aucune
577,152,0,0,1,Aucune
578,147,2,2:08.99,3,Aucune
578,146,3,2:09.91,3,Aucune
578,155,4,2:08.46,3,Aucune
579,132,7,1:49.88,7,Aucune
580,175,4,3:46.76,1,Aucune
580,177,4,4:12.71,8,Aucune
580,186,7,7:54.44,8,Aucune
581,85,1,47.21,8,Aucune
581,86,1,46.4,4,Or
581,83,5,48.4,4,Aucune
581,132,6,1:49.47,6,Aucune
582,89,7,52.37,7,Aucune
583,173,1,3:44.60,3,Aucune
583,195,4,14:50.06,1,Aucune
583,176,6,3:44.24,3,Aucune
583,185,6,7:47.11,8,Aucune
584,44,6,1:00.15,6,Aucune
584,46,6,59.89,1,Aucune
585,50,2,53.05,5,Aucune
585,54,2,52.81,5,Aucune
585,98,3,1:56.83,5,Aucune
585,100,4,1:55.90,2,Aucune
585,101,5,1:55.38,2,Aucune
585,56,6,52.82,6,Aucune
586,189,7,16:27.11,2,Aucune
587,123,2,2:10.28,5,Aucune
587,126,2,2:09.74,4,Aucune
587,128,4,2:08.49,7,Aucune
588,114,1,2:08.29,5,Aucune
588,117,3,2:07.86,4,Aucune
588,120,6,2:07.96,6,Aucune
589,96,1,1:56.28,3,Aucune
589,190,2,16:05.26,5,Aucune
589,99,4,1:56.56,5,Aucune
589,166,4,4:03.96,3,Aucune
589,180,5,8:27.92,4,Aucune
589,191,5,16:01.03,7,Aucune
591,160,3,1:58.09,4,Aucune
591,161,3,1:56.54,3,Aucune
591,163,3,1:56.00,6,Bronze
592,37,1,1:05.63,4,Aucune
592,38,1,1:05.83,4,Aucune
592,48,2,1:05.54,6,Argent
593,36,7,1:06.91,7,Aucune
593,38,7,1:07.20,8,Aucune
594,44,5,59.87,3,Aucune
594,47,6,1:00.06,7,Aucune
595,10,3,24.57,3,Aucune
595,11,4,24.4,6,Aucune
595,54,5,53.34,1,Aucune
595,52,6,54.03,6,Aucune
595,13,7,24.37,1,Aucune
596,109,4,2:09.31,6,Aucune
596,111,5,2:08.07,7,Aucune
597,104,2,2:23.67,3,Aucune
597,125,2,2:10.96,2,Aucune
597,105,3,2:23.13,5,Aucune
597,126,4,2:10.45,6,Aucune
597,118,6,2:24.31,2,Aucune
599,166,5,4:04.39,7,Aucune
602,122,5,2:17.61,2,Aucune
603,172,5,3:54.59,2,Aucune
604,88,8,54.66,8,Aucune
605,52,4,53.67,1,Aucune
605,54,7,54.21,7,Aucune
606,67,1,53.08,6,Aucune
606,71,6,53.44,3,Aucune
606,137,6,1:58.01,1,Aucune
607,61,7,1:00.40,8,Aucune
607,146,7,2:11.87,1,Aucune
611,113,8,2:14.57,2,Aucune
612,45,6,1:00.47,7,Aucune
612,114,8,2:13.39,8,Aucune
613,79,3,49.44,7,Aucune
613,90,3,51.18,6,Aucune
613,93,8,51.37,2,Aucune
614,9,1,24.27,4,Aucune
614,11,1,24.23,4,Aucune
614,13,5,24.33,3,Aucune
616,20,7,22.34,7,Aucune
621,193,2,15:04.99,8,Aucune
621,152,3,1:55.42,5,Aucune
621,154,3,1:54.28,2,Aucune
621,156,4,1:53.90,7,Aucune
622,150,2,1:55.28,2,Aucune
622,154,5,1:54.64,6,Aucune
623,10,6,24.94,8,Aucune
623,51,7,55.25,7,Aucune
624,37,8,1:07.22,1,Aucune
626,114,5,2:11.26,2,Aucune
627,20,1,21.91,5,Aucune
627,89,6,51.9,2,Aucune
627,82,7,48.88,7,Aucune
627,25,8,22.01,1,Aucune
628,19,6,22.49,3,Aucune
629,66,7,54.9,3,Aucune
630,58,6,1:04.31,8,Aucune
631,146,1,2:09.45,7,Aucune
631,148,7,2:10.03,4,Aucune
632,61,5,1:00.17,7,Aucune
634,132,3,1:46.13,5,Aucune
634,133,5,1:45.92,5,Aucune
634,81,6,48.41,2,Aucune
635,22,8,22.16,2,Aucune
637,152,5,1:56.02,7,Aucune
637,154,7,1:55.22,8,Aucune
638,125,7,2:12.42,7,Aucune
640,115,4,2:09.88,8,Aucune
640,116,8,2:11.86,2,Aucune
642,137,4,1:57.39,2,Aucune
642,139,5,1:56.76,2,Aucune
642,68,8,54.65,8,Aucune
645,176,3,3:42.50,1,Bronze
645,130,4,1:46.64,6,Aucune
645,174,4,3:45.52,5,Aucune
645,133,6,1:46.58,7,Aucune
646,112,1,2:13.20,5,Aucune
647,172,7,3:59.77,8,Aucune
648,98,6,1:59.29,1,Aucune
648,99,8,1:59.58,8,Aucune
649,82,1,47.92,4,Aucune
649,132,1,1:45.65,4,Aucune
649,134,1,1:44.53,4,Aucune
649,141,1,1:44.72,4,Or
649,85,2,47.66,5,Aucune
649,86,3,47.49,2,Bronze
650,193,0,0,7,Aucune
650,183,6,8:20.78,4,Aucune
651,18,4,23.43,4,Aucune
651,59,4,59.83,5,Aucune
651,63,7,1:00.00,1,Aucune
652,87,6,58.77,7,Aucune
653,2,6,32.03,1,Aucune
654,15,5,28.71,2,Aucune
655,77,2,50.39,3,Aucune
656,76,8,52.94,2,Aucune
657,5,7,28.31,1,Aucune
658,172,8,4:01.13,1,Aucune
659,76,1,51.21,6,Aucune
660,95,6,2:19.61,1,Aucune
661,27,4,1:01.82,2,Aucune
662,77,6,50.84,2,Aucune
663,108,6,2:18.46,7,Aucune
663,168,8,4:49.16,8,Aucune
665,82,4,48.34,6,Aucune
665,20,5,22.19,2,Aucune
665,84,7,48.11,2,Aucune
667,129,1,1:47.56,4,Aucune
667,81,5,48.4,7,Aucune
667,85,8,48.78,1,Aucune
668,157,2,2:06.48,3,Aucune
669,5,6,28.18,6,Aucune
670,16,7,27.11,7,Aucune
671,1,6,42.87,7,Aucune
672,104,7,2:29.46,1,Aucune
672,35,8,1:07.75,7,Aucune
673,19,4,22.26,5,Aucune
673,79,5,49.6,3,Aucune
676,188,1,16:10.13,5,Aucune
676,180,7,8:32.37,1,Aucune
677,19,8,22.64,8,Aucune
678,123,7,2:14.20,8,Aucune
681,9,3,24.64,8,Aucune
681,11,4,24.4,7,Aucune
681,13,6,24.35,8,Aucune
681,54,6,53.96,8,Aucune
681,52,7,54.12,7,Aucune
682,129,2,1:48.75,5,Aucune
684,3,8,31.32,5,Aucune
685,98,5,1:57.81,2,Aucune
685,99,6,1:57.34,1,Aucune
686,150,6,1:57.04,7,Aucune
686,158,6,2:04.01,2,Aucune
686,88,7,54.53,2,Aucune
687,136,1,1:56.92,6,Aucune
687,68,2,52.9,6,Aucune
687,70,2,52.63,4,Aucune
687,140,2,1:56.09,5,Aucune
687,73,5,52.58,6,Aucune
687,142,7,1:55.60,3,Aucune
688,124,4,2:11.96,1,Aucune
688,126,5,2:10.67,8,Aucune
689,30,6,57.8,2,Aucune
689,32,7,57.9,1,Aucune
690,88,2,52.24,5,Aucune
691,36,1,1:05.00,5,Aucune
691,39,1,1:05.00,4,Aucune
691,48,1,1:05.28,4,Or
691,102,1,2:21.57,4,Aucune
691,106,2,2:19.94,4,Aucune
691,118,2,2:19.60,5,Argent
692,102,2,2:23.85,6,Aucune
692,105,2,2:22.87,3,Aucune
692,118,7,2:24.46,6,Aucune
693,27,2,59.4,5,Aucune
693,107,5,2:10.82,2,Aucune
693,110,8,2:10.60,8,Aucune
695,123,6,2:11.54,1,Aucune
695,126,7,2:12.25,7,Aucune
695,169,7,4:43.13,8,Aucune
699,80,1,48.49,8,Aucune
701,151,6,1:55.86,7,Aucune
701,153,8,1:56.26,1,Aucune
702,158,0,0,3,Aucune
702,136,2,1:57.08,4,Aucune
702,139,3,1:56.52,3,Aucune
702,67,5,53.68,5,Aucune
702,70,5,52.95,1,Aucune
702,73,6,52.73,8,Aucune
702,142,6,1:55.47,8,Aucune
706,88,3,52.27,4,Aucune
707,34,3,1:08.78,5,Aucune
707,103,3,2:24.52,7,Aucune
707,106,8,2:26.22,2,Aucune
708,44,3,59.57,2,Aucune
708,46,5,59.72,6,Aucune
708,115,6,2:10.09,2,Aucune
708,116,7,2:09.99,7,Aucune
709,113,4,2:10.40,7,Aucune
709,117,7,2:10.63,8,Aucune
710,77,8,51.42,7,Aucune
711,41,1,1:04.26,4,Aucune
712,18,5,23.59,1,Aucune
713,135,5,2:01.44,2,Aucune
714,49,5,1:04.72,2,Aucune
715,75,4,52.99,2,Aucune
716,3,4,29.99,2,Aucune
717,8,3,24.55,3,Aucune
717,12,4,24.47,6,Aucune
717,51,5,54.1,6,Aucune
717,53,7,53.75,1,Aucune
721,37,5,1:06.66,6,Aucune
721,38,6,1:06.96,7,Aucune
721,102,6,2:28.10,1,Aucune
722,29,4,57.57,3,Aucune
722,31,4,56.93,7,Aucune
722,44,7,1:00.26,1,Aucune
722,40,8,57.34,8,Aucune
722,47,8,1:00.47,8,Aucune
724,145,4,2:10.35,2,Aucune
724,147,6,2:10.11,6,Aucune
725,21,7,22.21,3,Aucune
725,79,7,49.7,6,Aucune
726,10,1,23.85,4,Aucune
726,12,1,23.66,4,Aucune
726,13,1,23.71,4,Or
726,50,1,52.99,4,Aucune
726,56,1,52.16,7,Or
726,54,3,52.87,4,Aucune
730,17,1,22.95,2,Aucune
730,66,3,54.35,5,Aucune
731,159,5,1:58.46,7,Aucune
731,162,6,1:58.93,2,Aucune
732,130,7,1:47.46,8,Aucune
732,174,8,3:49.77,6,Aucune
734,103,6,2:26.39,1,Aucune
734,35,7,1:07.65,8,Aucune
735,137,1,1:56.62,5,Aucune
735,140,1,1:56.05,4,Aucune
735,142,3,1:54.85,5,Bronze
735,69,7,53.94,7,Aucune
736,89,2,50.65,4,Aucune
736,93,2,50.6,5,Aucune
736,151,2,1:54.77,6,Aucune
736,154,2,1:54.14,5,Aucune
736,94,4,50.55,2,Aucune
736,156,5,1:54.14,6,Aucune
737,18,6,23.9,2,Aucune
738,129,3,1:53.01,3,Aucune
739,4,5,28.85,2,Aucune
740,16,1,26.23,4,Aucune
741,7,1,25.18,4,Aucune
742,78,5,50.64,6,Aucune
743,16,3,26.56,8,Aucune
744,64,6,1:00.62,2,Aucune
745,4,3,28.6,5,Aucune
746,42,3,1:02.75,6,Aucune
747,21,6,22.18,6,Aucune
747,80,8,49.35,3,Aucune
748,180,8,9:21.38,8,Aucune
749,61,6,1:00.36,2,Aucune
750,158,4,2:01.99,7,Aucune
750,65,7,55.85,5,Aucune
755,76,4,52.29,5,Aucune
756,41,3,1:10.17,5,Aucune
757,87,2,53.76,3,Aucune
758,52,8,55.95,8,Aucune
759,195,0,0,3,Aucune
759,185,8,7:49.75,6,Aucune
760,21,4,21.89,4,Aucune
760,25,7,21.76,7,Aucune
761,151,8,1:57.72,8,Aucune
762,66,2,54.32,7,Aucune
762,137,7,1:58.41,6,Aucune
763,45,8,1:01.47,8,Aucune
764,77,2,50.39,5,Aucune
765,95,5,2:17.17,7,Aucune
766,5,8,28.42,8,Aucune
767,75,7,53.38,1,Aucune
768,5,3,27.23,4,Aucune
769,171,2,4:02.29,3,Aucune
770,164,4,4:33.46,2,Aucune
771,65,1,54.49,8,Aucune
772,135,4,2:00.60,6,Aucune
772,65,6,55.76,1,Aucune
773,122,1,2:13.32,5,Aucune
774,58,4,1:02.85,3,Aucune
776,81,1,47.57,4,Aucune
776,85,3,47.68,4,Aucune
776,86,7,47.96,7,Aucune
777,68,5,53.34,5,Aucune
777,71,5,53.11,2,Aucune
778,116,1,2:07.32,5,Aucune
778,115,2,2:09.00,5,Aucune
778,120,4,2:05.61,4,Aucune
779,43,1,57.99,4,Aucune
779,47,2,58.27,4,Aucune
779,55,3,57.98,3,Bronze
781,160,2,1:58.04,5,Aucune
781,162,4,1:57.82,3,Aucune
783,104,1,2:23.44,4,Aucune
783,106,1,2:19.74,5,Aucune
783,118,1,2:19.24,4,Or
783,124,2,2:10.70,4,Aucune
783,128,2,2:06.92,3,Argent
783,127,3,2:08.59,3,Aucune
784,24,2,21.58,1,Aucune
784,91,3,50.83,5,Aucune
784,92,5,51.57,3,Aucune
784,23,6,21.91,5,Aucune
784,26,6,21.61,2,Aucune
785,144,2,2:10.49,4,Aucune
785,148,5,2:09.96,7,Aucune
786,59,2,59.66,4,Aucune
786,62,2,59.16,2,Aucune
786,72,2,59.05,6,Argent
787,196,1,14:30.67,7,Or
787,187,2,7:38.75,2,Argent
787,195,2,14:45.31,4,Aucune
787,185,3,7:43.00,4,Aucune
788,158,1,1:58.63,4,Aucune
788,161,1,1:56.37,2,Aucune
788,177,1,4:11.07,4,Aucune
788,179,3,4:08.66,6,Bronze
788,163,4,1:56.10,5,Aucune
789,98,4,1:57.23,6,Aucune
789,100,6,1:56.46,7,Aucune
790,82,3,48.25,5,Aucune
790,84,4,47.72,6,Aucune
790,131,6,1:47.60,6,Aucune
790,23,7,21.97,3,Aucune
790,86,8,47.98,1,Aucune
791,151,4,1:55.74,5,Aucune
791,90,6,51.82,3,Aucune
791,154,6,1:54.87,7,Aucune
793,133,1,1:45.19,6,Aucune
793,141,3,1:44.79,3,Bronze
793,132,4,1:46.23,3,Aucune
794,29,1,56.72,4,Aucune
794,32,1,56,5,Aucune
794,40,1,55.59,5,Or
794,56,2,52.29,1,Argent
794,52,3,53.53,3,Aucune
794,54,4,52.99,6,Aucune
795,195,7,15:10.64,8,Aucune
796,138,4,1:57.54,5,Aucune
796,140,4,1:56.39,7,Aucune
796,142,5,1:55.39,7,Aucune
797,177,5,4:13.36,5,Aucune
799,35,1,1:06.10,4,Aucune
799,39,3,1:05.64,3,Aucune
799,106,3,2:23.25,7,Aucune
799,48,4,1:05.60,3,Aucune
799,104,4,2:24.91,5,Aucune
799,118,8,2:25.91,7,Aucune
801,166,1,4:02.19,5,Aucune
801,181,1,8:16.62,4,Aucune
801,182,1,8:11.04,4,Or
801,190,1,15:47.43,4,Aucune
801,191,1,15:30.02,4,Or
801,167,3,4:00.86,4,Bronze
802,181,2,8:18.48,6,Aucune
802,182,3,8:13.00,5,Bronze
802,165,4,4:03.34,3,Aucune
802,167,6,4:02.26,7,Aucune
803,9,6,24.87,5,Aucune
804,147,4,2:09.70,2,Aucune
804,145,5,2:10.39,6,Aucune
804,155,7,2:09.52,7,Aucune
805,69,2,53.06,4,Aucune
805,137,2,1:57.03,4,Aucune
805,73,3,52.39,2,Bronze
805,70,4,52.72,5,Aucune
805,140,6,1:56.62,3,Aucune
808,174,3,3:45.45,1,Aucune
808,176,8,3:47.00,7,Aucune
809,111,2,2:06.46,3,Aucune
809,108,3,2:07.49,5,Aucune
809,119,6,2:07.73,2,Aucune
810,174,6,3:46.47,8,Aucune
811,45,1,58.45,4,Aucune
811,46,1,57.97,4,Aucune
811,108,1,2:06.99,4,Aucune
811,55,2,57.66,4,Argent
811,110,2,2:05.39,4,Aucune
811,114,2,2:09.61,4,Aucune
811,119,2,2:03.84,5,Argent
811,120,2,2:04.26,7,Argent
811,116,3,2:08.14,3,Aucune
812,60,7,59.92,6,Aucune
812,62,7,1:00.16,1,Aucune
813,150,5,1:56.18,6,Aucune
814,128,0,0,4,Aucune
814,125,1,2:10.48,5,Aucune
814,127,1,2:07.45,5,Aucune
815,31,1,55.38,5,Aucune
815,10,2,24.37,5,Aucune
815,12,2,24.17,5,Aucune
815,30,2,56.75,4,Aucune
815,40,2,55.63,4,Argent
815,50,3,53.54,3,Aucune
815,13,4,24.21,5,Aucune
815,53,4,53.18,6,Aucune
815,56,8,53.04,8,Aucune
816,36,8,1:07.65,2,Aucune
817,99,1,1:55.24,3,Aucune
817,96,3,1:56.48,5,Aucune
817,101,8,1:56.60,3,Aucune
818,168,1,4:36.27,6,Aucune
818,170,3,4:34.93,4,Bronze
819,186,5,7:49.26,2,Aucune
820,57,3,1:05.95,5,Aucune
821,3,2,29.78,3,Aucune
822,77,4,50.58,4,Aucune
823,122,6,2:18.00,7,Aucune
824,172,3,3:51.52,3,Aucune
824,183,4,7:56.67,5,Aucune
825,164,3,4:31.71,6,Aucune
826,74,5,59.38,2,Aucune
827,173,6,3:48.20,1,Aucune
827,184,8,8:12.03,6,Aucune
828,79,4,49.51,2,Aucune
828,22,6,22.02,1,Aucune
829,97,6,2:00.66,1,Aucune
830,192,2,15:18.63,4,Aucune
830,183,5,8:08.39,2,Aucune
831,122,4,2:17.18,1,Aucune
832,87,8,1:08.72,8,Aucune
833,7,7,26.49,1,Aucune
834,18,7,24.09,7,Aucune
835,49,1,58.19,4,Aucune
836,135,6,2:01.91,7,Aucune
837,183,2,7:50.07,3,Aucune
837,193,5,15:20.84,3,Aucune
838,193,6,15:23.21,1,Aucune
839,130,0,0,7,Aucune
839,183,1,7:48.49,6,Aucune
839,175,8,3:50.50,6,Aucune
840,195,3,14:45.59,2,Aucune
840,196,4,14:40.91,8,Aucune
840,184,6,8:00.55,1,Aucune
841,193,4,15:14.11,6,Aucune
842,168,2,4:37.24,4,Aucune
842,170,2,4:33.40,5,Argent
842,190,5,16:12.11,6,Aucune
843,185,1,7:42.07,2,Aucune
843,195,1,14:44.20,7,Aucune
843,173,2,3:46.19,5,Aucune
843,187,4,7:42.83,5,Aucune
843,196,6,14:43.35,3,Aucune
844,193,3,15:05.62,2,Aucune
844,173,5,3:47.98,4,Aucune
844,185,7,7:49.47,1,Aucune
845,189,4,16:04.02,6,Aucune
845,191,6,16:02.70,2,Aucune
846,175,3,3:45.75,3,Aucune
846,176,7,3:46.59,8,Aucune
847,164,1,4:09.62,4,Aucune
847,190,4,16:08.69,1,Aucune
847,191,8,16:12.57,8,Aucune
848,185,2,7:42.48,3,Aucune
848,194,2,14:42.56,3,Aucune
848,196,2,14:34.55,5,Argent
848,187,3,7:39.38,3,Bronze
849,189,5,16:12.45,1,Aucune
850,193,1,14:45.27,4,Aucune
850,184,2,7:47.29,4,Aucune
850,196,5,14:41.22,2,Aucune
851,186,4,7:47.91,6,Aucune
851,195,6,15:01.88,5,Aucune
852,186,1,7:41.53,5,Aucune
852,187,1,7:38.19,4,Or
852,194,1,14:40.34,4,Aucune
852,196,3,14:39.63,4,Bronze
